Gene,P1_nonsyn,P2_nonsyn,P1_syn,P2_syn,D_nonsyn,D_syn,neutrality.index,alpha,fisher.P.value
10018at155619,394,16,108,8,3,3,3.534482759,-2.534482759,0.128917161
1005at155619,116,29,79,8,35,31,1.476190476,-0.476190476,0.199193498
10077at155619,23,9,128,63,0,10,Inf,NA,0.365070212
10122at155619,169,21,139,22,40,36,1.062111801,-0.062111801,0.89910091
10134at155619,34,8,106,51,6,14,0.624203822,0.375796178,0.395789082
10175at155619,67,11,102,20,6,18,1.918032787,-0.918032787,0.264167699
10211at155619,62,14,54,13,30,16,0.604975124,0.395024876,0.173889532
10230at155619,193,32,86,20,17,11,1.373473918,-0.373473918,0.528973882
10240at155619,154,28,150,13,45,52,1.290252215,-0.290252215,0.301196819
10296at155619,63,82,55,19,11,9,1.603194103,-0.603194103,0.333210456
10301at155619,72,16,22,4,9,6,2.256410256,-1.256410256,0.200501141
10302at155619,45,20,117,39,5,18,1.5,-0.5,0.628424124
10320at155619,110,65,90,36,15,39,3.611111111,-2.611111111,4.79E-05
10378at155619,80,51,62,20,5,9,2.875609756,-1.875609756,0.088197719
10414at155619,176,29,48,12,13,4,1.051282051,-0.051282051,1
10420at155619,42,27,92,36,12,25,1.123046875,-0.123046875,0.851732051
10438at155619,180,88,89,54,22,8,0.681500318,0.318499682,0.42952116
1049at155619,230,18,128,18,45,21,0.792694064,0.207305936,0.48964909
10532at155619,93,15,111,20,21,32,1.256270447,-0.256270447,0.541420352
10537at155619,245,87,165,44,50,29,0.921339713,0.078660287,0.804915104
10602at155619,93,10,123,5,16,45,2.263183594,-1.263183594,0.012349705
1061at155619,81,39,222,53,10,39,1.701818182,-0.701818182,0.183212096
10649at155619,45,29,15,16,11,8,1.736070381,-0.736070381,0.292465914
10702at155619,149,40,148,32,41,52,1.331707317,-0.331707317,0.24635546
10713at155619,31,18,81,50,3,6,0.748091603,0.251908397,0.708186001
10763at155619,53,16,83,47,3,10,1.769230769,-0.769230769,0.549608233
10774at155619,121,27,135,43,11,19,1.436159346,-0.436159346,0.443836744
10775at155619,131,45,153,41,8,36,4.082474227,-3.082474227,0.000173507
1079at155619,154,28,189,38,7,16,1.832599119,-0.832599119,0.202921354
10812at155619,114,51,182,97,16,27,0.997983871,0.002016129,1
10825at155619,82,18,103,43,17,8,0.322320709,0.677679291,0.010658382
10854at155619,9,4,106,32,0,10,Inf,NA,1
10938at155619,226,85,125,64,40,36,1.480952381,-0.480952381,0.129855108
11011at155619,59,20,139,83,10,23,0.818468468,0.181531532,0.678655093
1103at155619,125,34,216,76,22,48,1.188044832,-0.188044832,0.590697593
11046at155619,110,24,48,13,19,9,1.0405522,-0.0405522,1
11055at155619,60,11,121,56,3,8,1.069679849,-0.069679849,1
11065at155619,61,18,90,11,11,21,1.493249325,-0.493249325,0.339268117
11074at155619,95,21,69,25,19,16,1.039193729,-0.039193729,1
11077at155619,43,12,138,79,6,11,0.464669739,0.535330261,0.214794722
11156at155619,145,55,156,73,38,55,1.264077224,-0.264077224,0.358502399
11213at155619,29,3,83,18,4,12,0.95049505,0.04950495,1
11217at155619,104,56,34,10,31,3,0.351906158,0.648093842,0.103935348
11278at155619,69,29,148,47,5,22,2.211282051,-1.211282051,0.134233667
11310at155619,26,10,42,4,3,10,2.608695652,-1.608695652,0.227149329
11313at155619,90,14,39,5,14,14,2.363636364,-1.363636364,0.048095354
11314at155619,50,24,160,40,8,21,0.97125,0.02875,1
11428at155619,110,24,175,46,26,37,0.862861121,0.137138879,0.67332905
11480at155619,111,28,57,50,17,15,1.146234195,-0.146234195,0.710297471
11483at155619,16,8,114,49,5,23,0.677300613,0.322699387,0.550799696
11586at155619,102,43,88,27,6,10,2.101449275,-1.101449275,0.197524619
11687at155619,160,92,92,61,13,17,2.153846154,-1.153846154,0.051814388
11715at155619,69,18,106,44,12,23,1.111666667,-0.111666667,0.852292453
11780at155619,217,70,121,21,77,58,1.52240717,-0.52240717,0.039516118
11823at155619,14,2,150,35,3,21,0.605405405,0.394594595,0.436012912
11828at155619,31,8,82,33,3,7,0.791304348,0.208695652,0.717225475
11877at155619,106,43,122,44,17,23,1.21438696,-0.21438696,0.616290618
11939at155619,25,7,79,20,3,27,2.909090909,-1.909090909,0.092097388
12021at155619,79,24,158,69,13,37,1.291426635,-0.291426635,0.512846352
12091at155619,497,9,67,6,4,4,6.931506849,-5.931506849,0.012711534
12094at155619,43,9,113,38,6,17,0.975717439,0.024282561,1
12097at155619,46,12,135,31,6,22,1.281124498,-0.281124498,0.818078498
12154at155619,10,5,95,51,1,16,1.643835616,-0.643835616,1
12163at155619,217,94,78,39,24,7,0.7752849,0.2247151,0.677918021
12197at155619,28,3,143,43,7,38,0.904761905,0.095238095,0.817512919
12216at155619,22,5,71,9,7,38,1.832142857,-0.832142857,0.20965286
12343at155619,51,11,130,44,8,28,1.247126437,-0.247126437,0.686433791
12351at155619,178,75,152,63,20,32,1.882790698,-0.882790698,0.039987481
12387at155619,32,8,116,9,5,21,1.344,-0.344,0.8038138
12408at155619,52,20,153,32,8,24,1.167567568,-0.167567568,0.835578061
1249at155619,48,23,228,93,8,53,1.465342679,-0.465342679,0.467442435
1255at155619,75,12,167,48,22,46,0.846088795,0.153911205,0.558949451
12623at155619,139,38,140,32,33,33,1.029069767,-0.029069767,1
12689at155619,90,34,107,55,5,8,1.224691358,-0.224691358,0.782829145
12798at155619,97,33,109,46,17,23,1.134724858,-0.134724858,0.73762763
12864at155619,67,25,107,67,5,9,0.951724138,0.048275862,1
12911at155619,78,19,89,26,8,13,1.370652174,-0.370652174,0.646768522
12931at155619,20,10,124,53,2,18,1.525423729,-0.525423729,0.746965824
12939at155619,44,25,106,59,1,32,13.38181818,-12.38181818,0.000499394
12945at155619,67,9,89,10,14,23,1.261183261,-0.261183261,0.586154386
13042at155619,6,2,125,39,2,21,0.512195122,0.487804878,0.334331026
13132at155619,19,6,167,62,6,19,0.345705968,0.654294032,0.043729345
13366at155619,186,83,71,13,23,22,3.063146998,-2.063146998,0.000982073
13371at155619,8,2,112,54,4,17,0.256024096,0.743975904,0.047265023
1345at155619,64,24,246,53,11,59,1.578595318,-0.578595318,0.210400036
13478at155619,164,18,68,34,5,19,6.780392157,-5.780392157,4.57E-05
13631at155619,46,37,93,47,4,23,3.408928571,-2.408928571,0.030523337
13672at155619,107,78,66,29,11,11,1.947368421,-0.947368421,0.163426009
13699at155619,103,14,77,21,9,15,1.989795918,-0.989795918,0.134211176
13736at155619,453,32,120,13,44,35,2.900717703,-1.900717703,3.47E-05
13786at155619,95,70,106,71,16,20,1.165254237,-0.165254237,0.727465725
13831at155619,105,23,166,28,21,57,1.790868925,-0.790868925,0.037334731
13949at155619,13,2,112,47,1,13,1.226415094,-0.226415094,1
13952at155619,43,7,109,27,5,27,1.985294118,-0.985294118,0.269367433
1396at155619,190,38,202,47,29,32,1.010386373,-0.010386373,1
13989at155619,77,28,28,15,6,2,0.813953488,0.186046512,1
14031at155619,16,5,87,28,5,14,0.511304348,0.488695652,0.32075085
14154at155619,69,44,118,92,13,21,0.869230769,0.130769231,0.709207597
14168at155619,118,30,59,26,16,12,1.305882353,-0.305882353,0.53857581
14216at155619,208,3,54,3,5,4,2.961403509,-1.961403509,0.111157174
14280at155619,109,59,57,25,12,12,2.048780488,-1.048780488,0.114538694
1432at155619,190,59,297,79,25,76,2.013191489,-1.013191489,0.003886113
14344at155619,103,54,158,29,24,31,1.084447415,-0.084447415,0.884204008
14376at155619,22,8,97,48,4,32,1.655172414,-0.655172414,0.462209706
14379at155619,68,9,71,41,11,24,1.5,-0.5,0.349332887
14586at155619,76,101,63,49,3,3,1.580357143,-0.580357143,0.681212011
14628at155619,125,47,139,47,23,27,1.085553997,-0.085553997,0.880111088
14664at155619,212,57,116,51,13,22,2.72593275,-1.72593275,0.006487858
14732at155619,62,110,140,36,6,16,2.606060606,-1.606060606,0.049214877
14863at155619,36,12,78,43,3,14,1.851239669,-0.851239669,0.408763674
14884at155619,364,67,162,52,38,28,1.484013773,-0.484013773,0.135522292
15198at155619,44,10,79,40,5,15,1.361344538,-0.361344538,0.798091317
1520at155619,203,59,80,26,69,41,1.468690183,-0.468690183,0.09979795
15242at155619,59,23,103,24,13,19,0.943670503,0.056329497,1
15275at155619,53,18,72,30,4,8,1.392156863,-0.392156863,0.764344426
15287at155619,79,47,50,32,5,9,2.765853659,-1.765853659,0.091473342
152at155619,209,101,207,102,34,51,1.504854369,-0.504854369,0.083967698
15315at155619,60,22,98,47,15,36,1.357241379,-0.357241379,0.418312348
15341at155619,60,16,63,16,6,12,1.924050633,-0.924050633,0.224632903
15424at155619,75,21,105,27,6,32,3.878787879,-2.878787879,0.001929508
15611at155619,81,67,89,46,20,33,1.808888889,-0.808888889,0.071770963
15628at155619,55,21,87,39,10,25,1.507936508,-0.507936508,0.345723563
15704at155619,196,68,128,41,43,31,1.126186872,-0.126186872,0.69976307
15732at155619,18,11,105,69,3,12,0.666666667,0.333333333,0.466962798
15762at155619,43,20,46,18,4,6,1.4765625,-0.4765625,0.745088166
15791at155619,0,1,39,11,0,15,Inf,NA,1
15795at155619,21,18,98,30,8,16,0.609375,0.390625,0.313747496
1581at155619,301,85,161,18,71,50,1.51860886,-0.51860886,0.044068112
1586at155619,48,22,172,86,9,29,0.874246339,0.125753661,0.68287293
15886at155619,133,35,131,43,29,22,0.732461356,0.267538644,0.368004998
1588at155619,169,57,170,70,37,54,1.374324324,-0.374324324,0.206564531
15997at155619,288,62,129,24,40,24,1.37254902,-0.37254902,0.254502889
16013at155619,100,53,55,24,31,13,0.812168232,0.187831768,0.605224491
16038at155619,123,34,59,17,19,17,1.84833795,-0.84833795,0.093220704
16068at155619,142,47,108,55,34,33,1.125405991,-0.125405991,0.689933634
16171at155619,71,10,123,24,33,36,0.601113173,0.398886827,0.06837144
16231at155619,67,15,107,23,3,16,3.364102564,-2.364102564,0.050452976
16251at155619,36,3,95,33,8,23,0.875976563,0.124023438,0.818882757
16297at155619,103,8,61,38,7,20,3.203463203,-2.203463203,0.012966382
16301at155619,83,37,100,57,7,17,1.856232939,-0.856232939,0.201989188
16347at155619,67,7,79,16,0,14,Inf,NA,0.000926084
16425at155619,116,21,87,4,18,25,2.090964591,-1.090964591,0.029799606
16542at155619,40,23,118,52,9,39,1.605882353,-0.605882353,0.278125401
16558at155619,51,21,86,34,10,24,1.44,-0.44,0.441117582
16610at155619,46,0,89,17,1,33,14.32075472,-13.32075472,0.000352279
16649at155619,91,77,52,23,11,9,1.832727273,-0.832727273,0.215728623
16659at155619,9,4,97,20,0,24,Inf,NA,0.222291992
16677at155619,70,9,73,7,9,22,2.413888889,-1.413888889,0.048045495
16686at155619,11,3,60,21,2,17,1.469135802,-0.469135802,1
16707at155619,57,27,22,20,12,14,2.333333333,-1.333333333,0.072523398
16808at155619,8,2,94,18,2,37,1.651785714,-0.651785714,0.732086497
16881at155619,319,107,102,50,35,15,1.20112782,-0.20112782,0.616907623
16913at155619,120,66,71,48,10,13,2.031932773,-1.031932773,0.122958374
17036at155619,129,51,91,37,41,32,1.097560976,-0.097560976,0.792193083
17087at155619,118,32,77,46,9,12,1.62601626,-0.62601626,0.364453936
17119at155619,96,32,79,44,5,18,3.746341463,-2.746341463,0.008319544
17120at155619,128,34,111,31,21,26,1.412474849,-0.412474849,0.277574704
17226at155619,141,38,152,44,12,32,2.43537415,-1.43537415,0.010441829
17242at155619,57,52,55,24,3,10,4.599156118,-3.599156118,0.019495627
17260at155619,58,21,43,23,3,4,1.595959596,-0.595959596,0.703851138
17280at155619,180,64,102,63,11,12,1.61322314,-0.61322314,0.281833431
17306at155619,75,25,123,35,15,27,1.139240506,-0.139240506,0.735904287
17316at155619,31,11,77,16,10,11,0.496774194,0.503225806,0.143853575
17392at155619,32,11,48,25,6,12,1.178082192,-0.178082192,1
17441at155619,107,36,102,39,21,38,1.835190814,-0.835190814,0.045048741
17529at155619,49,15,82,21,7,16,1.420249653,-0.420249653,0.501529372
17563at155619,61,14,38,8,11,22,3.260869565,-2.260869565,0.005158669
17612at155619,97,68,80,32,9,16,2.619047619,-1.619047619,0.032970339
17669at155619,28,8,71,15,8,12,0.627906977,0.372093023,0.434290131
17860at155619,129,18,84,35,15,12,0.988235294,0.011764706,1
17887at155619,14,3,84,32,0,11,Inf,NA,0.361934402
17927at155619,303,90,111,47,30,20,1.658227848,-0.658227848,0.105902182
17956at155619,64,9,116,23,11,27,1.289077829,-0.289077829,0.579070708
17991at155619,70,22,111,32,17,26,0.983957219,0.016042781,1
18034at155619,24,3,93,20,0,7,Inf,NA,0.349826897
1804at155619,78,10,129,59,6,22,1.716312057,-0.716312057,0.29096323
18096at155619,43,17,65,32,6,41,4.226804124,-3.226804124,0.001177771
18154at155619,112,92,92,25,22,24,1.902097902,-0.902097902,0.051232322
18163at155619,17,8,81,24,1,5,1.19047619,-0.19047619,1
18204at155619,185,5,137,10,0,2,Inf,NA,0.192456058
18206at155619,87,24,57,25,18,7,0.526422764,0.473577236,0.198022299
18296at155619,39,22,79,12,3,31,6.926739927,-5.926739927,0.00027996
18323at155619,181,61,89,19,39,29,1.666191833,-0.666191833,0.066683217
18326at155619,299,30,43,12,2,1,2.990909091,-1.990909091,0.3751456
18428at155619,69,32,72,24,6,8,1.402777778,-0.402777778,0.590301045
18432at155619,16,6,137,67,2,27,1.455882353,-0.455882353,1
18478at155619,30,1,136,29,8,30,0.704545455,0.295454545,0.475423043
18515at155619,113,25,58,16,15,21,2.610810811,-1.610810811,0.00942542
18581at155619,146,50,70,35,13,12,1.723076923,-0.723076923,0.198951173
18620at155619,33,14,134,29,12,31,0.744887526,0.255112474,0.433440332
18677at155619,127,50,58,27,22,5,0.473262032,0.526737968,0.189802427
18697at155619,81,33,137,52,14,41,1.766439909,-0.766439909,0.093523992
18708at155619,102,18,73,37,2,5,2.727272727,-1.727272727,0.269246057
18711at155619,102,15,30,9,19,7,1.105263158,-0.105263158,0.810975859
18712at155619,52,20,40,15,7,13,2.431168831,-1.431168831,0.091765265
18802at155619,112,38,86,52,6,9,1.630434783,-0.630434783,0.43225279
18804at155619,167,12,25,0,5,5,7.16,-6.16,0.005948433
18839at155619,41,19,140,42,1,24,7.912087912,-6.912087912,0.021383771
18862at155619,69,15,100,27,10,24,1.587401575,-0.587401575,0.3420337
18907at155619,86,74,67,28,10,14,2.357894737,-1.357894737,0.05032803
18999at155619,108,39,91,27,34,32,1.172482552,-0.172482552,0.582800167
19019at155619,112,73,70,53,15,9,0.902439024,0.097560976,1
19052at155619,71,29,47,16,10,4,0.634920635,0.365079365,0.572336095
19103at155619,50,29,80,11,4,12,2.604395604,-1.604395604,0.119090165
19204at155619,31,9,58,26,2,16,3.80952381,-2.80952381,0.095686399
19416at155619,82,15,124,45,6,16,1.530571992,-0.530571992,0.490463157
19432at155619,119,48,129,37,15,33,2.213253012,-1.213253012,0.019713873
1943at155619,148,40,220,74,31,48,0.990125082,0.009874918,1
19590at155619,198,12,41,11,14,17,4.903846154,-3.903846154,6.37E-05
19671at155619,45,10,113,26,6,19,1.252997602,-0.252997602,0.81369413
19727at155619,89,34,60,16,10,6,0.971052632,0.028947368,1
19846at155619,62,21,134,51,11,30,1.223587224,-0.223587224,0.716165971
19853at155619,78,12,158,51,15,21,0.602870813,0.397129187,0.183481114
19867at155619,109,33,86,24,65,37,0.734825175,0.265174825,0.23399296
19966at155619,11,2,80,17,1,20,2.680412371,-1.680412371,0.46658908
20073at155619,92,39,69,36,4,6,1.871428571,-0.871428571,0.353529297
20158at155619,94,21,67,9,18,21,1.765350877,-0.765350877,0.11280298
2016at155619,213,41,287,36,36,68,1.485380117,-0.485380117,0.084740521
20170at155619,31,9,87,29,8,21,0.905172414,0.094827586,0.820116966
20174at155619,33,3,67,20,3,26,3.586206897,-2.586206897,0.035987958
20253at155619,33,7,81,28,2,21,3.853211009,-2.853211009,0.069480887
20342at155619,87,22,90,36,8,23,2.487103175,-1.487103175,0.034428296
20353at155619,31,6,32,8,7,7,0.925,0.075,1
20538at155619,138,28,65,17,11,13,2.392461197,-1.392461197,0.045159091
20571at155619,182,39,140,31,35,41,1.513951546,-0.513951546,0.10320931
20582at155619,166,43,87,13,24,10,0.870833333,0.129166667,0.847339208
20610at155619,26,6,44,7,3,8,1.673202614,-0.673202614,0.529423685
20620at155619,52,17,86,25,5,15,1.864864865,-0.864864865,0.33034998
20627at155619,49,14,50,11,8,8,1.032786885,-0.032786885,1
20684at155619,169,45,96,27,31,14,0.785733019,0.214266981,0.513001598
20721at155619,61,23,48,32,23,28,1.27826087,-0.27826087,0.521874861
20729at155619,8,1,139,55,5,22,0.204123711,0.795876289,0.014600871
20735at155619,40,8,53,9,11,18,1.26686217,-0.26686217,0.674728124
20880at155619,57,17,89,39,8,10,0.72265625,0.27734375,0.61232119
20895at155619,50,3,56,13,4,14,2.688405797,-1.688405797,0.12286233
20920at155619,78,32,116,33,22,32,1.073825503,-0.073825503,0.880150307
20934at155619,20,5,89,37,1,15,2.976190476,-1.976190476,0.471301445
20939at155619,75,8,81,7,9,26,2.724747475,-1.724747475,0.015217612
20979at155619,67,21,44,18,32,19,0.842741935,0.157258065,0.624914886
21172at155619,252,87,104,47,24,13,1.216059603,-0.216059603,0.58418815
21215at155619,49,13,142,38,3,22,2.525925926,-1.525925926,0.149759249
21271at155619,8,1,77,28,0,8,Inf,NA,1
21387at155619,36,10,101,28,3,21,2.496124031,-1.496124031,0.205925214
21421at155619,65,6,63,10,14,23,1.597847358,-0.597847358,0.268355684
2144at155619,113,28,218,84,11,43,1.825105358,-0.825105358,0.087837828
21555at155619,262,60,116,32,59,18,0.66376546,0.33623454,0.181204187
21584at155619,24,19,74,27,8,15,0.798267327,0.201732673,0.632346086
21599at155619,16,14,57,35,7,13,0.605590062,0.394409938,0.409303973
21624at155619,98,31,123,51,6,8,0.988505747,0.011494253,1
21628at155619,63,22,54,19,11,16,1.693648817,-0.693648817,0.219834737
21744at155619,113,52,58,23,29,13,0.913154534,0.086845466,0.860330731
21872at155619,90,21,125,44,7,11,1.032121724,-0.032121724,1
21902at155619,87,12,82,28,19,17,0.805263158,0.194736842,0.591052356
21918at155619,195,97,105,74,18,12,1.087523277,-0.087523277,0.847827692
22216at155619,127,30,118,40,25,17,0.675696203,0.324303797,0.254303189
22222at155619,122,41,70,12,15,12,1.590243902,-0.590243902,0.288542509
22238at155619,118,26,60,15,13,10,1.476923077,-0.476923077,0.370155024
2225at155619,135,49,181,48,47,47,0.80349345,0.19650655,0.35993868
22270at155619,93,18,58,15,25,25,1.520547945,-0.520547945,0.199747433
22292at155619,46,13,78,42,8,20,1.229166667,-0.229166667,0.828392381
22414at155619,110,27,56,16,10,5,0.951388889,0.048611111,1
2246at155619,249,71,135,41,43,36,1.522198732,-0.522198732,0.102239491
2249at155619,2,2,117,37,0,17,Inf,NA,1
22654at155619,52,18,52,28,14,12,0.75,0.25,0.52988056
22702at155619,47,6,124,37,5,24,1.580124224,-0.580124224,0.488536635
22906at155619,48,15,96,23,13,13,0.529411765,0.470588235,0.134119266
22942at155619,120,29,80,21,10,14,2.065346535,-1.065346535,0.128166898
22972at155619,46,30,99,34,6,21,2,-1,0.197645913
23018at155619,188,23,109,15,64,32,0.850806452,0.149193548,0.54831508
23023at155619,79,51,49,33,3,4,2.113821138,-1.113821138,0.437032607
23141at155619,16,7,78,41,5,19,0.734453782,0.265546218,0.56163168
23160at155619,95,22,71,32,5,5,1.13592233,-0.13592233,1
23179at155619,215,72,145,57,31,25,1.145800064,-0.145800064,0.668892831
23180at155619,66,6,96,23,7,15,1.296518607,-0.296518607,0.64850666
2319at155619,70,40,228,130,16,41,0.787360335,0.212639665,0.510896891
23204at155619,88,27,76,16,10,9,1.125,-0.125,0.814337396
23216at155619,36,25,42,21,18,17,0.914462081,0.085537919,0.850057271
23227at155619,25,2,75,11,0,12,Inf,NA,0.067722919
23251at155619,114,35,76,34,23,21,1.236758893,-0.236758893,0.515921875
23328at155619,196,32,67,9,69,34,1.47826087,-0.47826087,0.124196741
23427at155619,100,42,129,72,10,12,0.847761194,0.152238806,0.824147382
23468at155619,59,28,40,13,15,6,0.656603774,0.343396226,0.474463933
23530at155619,70,23,88,36,16,20,0.9375,0.0625,0.858003492
23613at155619,6,12,104,39,1,20,2.517482517,-1.517482517,0.702508275
23746at155619,60,21,99,46,13,13,0.55862069,0.44137931,0.198760439
23753at155619,93,18,87,21,6,17,2.912037037,-1.912037037,0.028610127
23765at155619,8,4,52,6,1,12,2.482758621,-1.482758621,0.680918969
23824at155619,20,9,95,29,2,9,1.052419355,-0.052419355,1
23837at155619,68,10,45,5,9,15,2.6,-1.6,0.043023856
23945at155619,228,40,135,24,50,40,1.348427673,-0.348427673,0.23326041
23952at155619,112,39,52,27,24,11,0.876054852,0.123945148,0.848864416
2408at155619,52,8,178,43,11,47,1.160016454,-0.160016454,0.859356571
24174at155619,114,39,116,57,22,12,0.482396217,0.517603783,0.070126075
24261at155619,28,12,89,61,2,10,1.333333333,-0.333333333,1
2427at155619,78,16,224,55,19,69,1.223542728,-0.223542728,0.581698701
24334at155619,91,70,78,13,13,14,1.905325444,-0.905325444,0.142605585
24345at155619,88,18,33,10,11,10,2.241014799,-1.241014799,0.128568868
24374at155619,55,24,61,14,4,21,5.53,-4.53,0.000990428
24440at155619,15,5,60,17,3,13,1.125541126,-0.125541126,1
24448at155619,29,19,49,13,1,18,13.93548387,-12.93548387,0.001459787
24463at155619,7,0,65,16,10,14,0.120987654,0.879012346,0.000258944
24467at155619,19,22,83,14,0,7,Inf,NA,0.191437434
24750at155619,15,13,78,12,5,19,1.182222222,-0.182222222,1
24753at155619,19,8,103,26,1,13,2.720930233,-1.720930233,0.470477469
24909at155619,22,10,93,33,4,10,0.634920635,0.365079365,0.495017105
25014at155619,50,33,42,5,4,9,3.973404255,-2.973404255,0.033642367
25035at155619,86,19,65,20,12,12,1.235294118,-0.235294118,0.667626286
25044at155619,254,226,87,63,0,1,Inf,NA,0.239302694
25069at155619,73,17,138,46,20,27,0.660326087,0.339673913,0.243872305
25171at155619,121,20,65,8,24,10,0.804794521,0.195205479,0.6971442
25191at155619,43,22,30,19,6,7,1.547619048,-0.547619048,0.559328999
25195at155619,35,12,78,11,5,15,1.584269663,-0.584269663,0.457102145
25214at155619,62,13,92,19,9,15,1.126126126,-0.126126126,0.828940219
25342at155619,204,16,79,19,5,7,3.142857143,-2.142857143,0.058389396
25353at155619,38,10,86,18,14,16,0.527472527,0.472527473,0.140010684
25597at155619,151,33,117,31,27,25,1.151151151,-0.151151151,0.655517742
25684at155619,50,9,65,24,3,19,4.198501873,-3.198501873,0.017720092
25698at155619,13,0,67,29,5,12,0.325,0.675,0.068670251
25702at155619,68,14,46,12,7,10,2.019704433,-1.019704433,0.200689872
25725at155619,85,30,99,61,13,9,0.497596154,0.502403846,0.123695126
25743at155619,27,22,98,60,6,10,0.516877637,0.483122363,0.233284603
25820at155619,67,12,88,35,30,28,0.599457995,0.400542005,0.097733764
2586at155619,82,32,202,56,20,52,1.148837209,-0.148837209,0.675949815
25990at155619,173,62,65,23,7,3,1.144480519,-0.144480519,1
26059at155619,41,7,8,5,4,0,0,1,0.575652842
26060at155619,109,24,147,60,10,15,0.963768116,0.036231884,1
26133at155619,30,15,67,27,3,18,2.872340426,-1.872340426,0.125418474
26193at155619,167,66,102,55,45,23,0.758527955,0.241472045,0.34820379
26200at155619,14,5,66,23,1,11,2.348314607,-1.348314607,0.68803921
26343at155619,100,33,60,25,13,14,1.685067873,-0.685067873,0.217006337
26356at155619,101,30,119,41,15,6,0.3275,0.6725,0.023256288
26418at155619,65,13,82,31,4,9,1.553097345,-0.553097345,0.568241177
26421at155619,47,17,32,6,21,25,2.005012531,-1.005012531,0.071983877
26433at155619,83,28,49,29,20,16,1.138461538,-0.138461538,0.71705354
26434at155619,51,17,87,23,6,11,1.133333333,-0.133333333,1
26508at155619,45,12,19,8,3,3,2.111111111,-1.111111111,0.39614881
26520at155619,68,34,83,43,9,15,1.349206349,-0.349206349,0.525898207
26587at155619,225,92,186,55,39,26,0.876901798,0.123098202,0.691817075
26642at155619,88,15,54,10,8,21,4.224609375,-3.224609375,0.00093196
26817at155619,14,7,66,40,2,4,0.396226415,0.603773585,0.277065493
26857at155619,87,29,61,11,20,9,0.725,0.275,0.53879611
26864at155619,177,60,76,26,18,12,1.549019608,-0.549019608,0.302943622
26869at155619,69,18,93,34,11,17,1.058697208,-0.058697208,1
26953at155619,54,16,113,30,15,26,0.848484848,0.151515152,0.718251182
269at155619,20,4,66,29,0,9,Inf,NA,0.207029766
27086at155619,45,18,45,17,6,8,1.35483871,-0.35483871,0.779240238
27157at155619,55,5,89,10,26,40,0.932400932,0.067599068,0.880492321
27179at155619,230,69,147,40,49,28,0.913674561,0.086325439,0.801013353
27207at155619,212,21,45,8,14,13,4.082210243,-3.082210243,0.00093375
2721at155619,93,18,168,31,11,35,1.774783006,-0.774783006,0.134672182
27255at155619,39,15,43,13,4,6,1.446428571,-0.446428571,0.744539096
2726at155619,108,41,197,73,5,36,3.973333333,-2.973333333,0.001688396
27292at155619,154,49,53,17,21,16,2.20952381,-1.20952381,0.031353574
27296at155619,174,55,83,64,1,0,0,1,1
27377at155619,272,22,58,9,10,12,5.265671642,-4.265671642,0.000302682
27455at155619,45,21,65,39,10,9,0.571153846,0.428846154,0.324137287
27528at155619,21,2,67,24,2,18,2.274725275,-1.274725275,0.365084103
27636at155619,11,6,93,20,1,15,2.256637168,-1.256637168,0.693608193
27748at155619,92,92,83,44,7,5,1.034870641,-0.034870641,1
27831at155619,128,20,58,18,7,11,3.060150376,-2.060150376,0.037931348
27834at155619,26,0,74,5,1,10,3.291139241,-2.291139241,0.453371549
2790at155619,594,23,171,18,4,7,5.712962963,-4.712962963,0.005601181
27942at155619,95,21,62,21,21,14,0.931726908,0.068273092,1
27973at155619,48,6,56,4,13,17,1.176923077,-0.176923077,0.837372426
27988at155619,26,3,59,23,7,9,0.454703833,0.545296167,0.150742111
28001at155619,63,13,89,15,14,19,0.991758242,0.008241758,1
28006at155619,168,107,55,38,33,10,0.896057348,0.103942652,0.854253238
28157at155619,20,2,60,13,8,12,0.452054795,0.547945205,0.160074579
28285at155619,22,9,78,37,0,12,Inf,NA,0.125266094
28295at155619,81,75,42,12,13,12,2.666666667,-1.666666667,0.031670303
28302at155619,58,11,82,18,17,13,0.527647059,0.472352941,0.114453853
28314at155619,86,23,62,34,8,16,2.270833333,-1.270833333,0.084227339
2832at155619,13,1,29,6,3,5,0.666666667,0.333333333,0.684086144
28338at155619,71,20,48,16,14,11,1.1171875,-0.1171875,0.829391702
28387at155619,45,7,49,10,8,19,2.093220339,-1.093220339,0.131378564
28417at155619,118,33,6,5,8,1,1.715909091,-0.715909091,0.488951788
28424at155619,51,8,41,13,2,11,6.009259259,-5.009259259,0.016923811
28476at155619,142,102,41,31,21,8,1.291005291,-0.291005291,0.645327177
28492at155619,278,264,47,41,1,1,6.159090909,-5.159090909,0.262006259
28496at155619,21,6,25,9,19,6,0.250773994,0.749226006,0.009055618
28533at155619,29,10,77,40,4,9,0.75,0.25,0.740901088
28627at155619,251,26,55,5,1,4,18.46666667,-17.46666667,0.004866696
28757at155619,125,24,85,19,11,14,1.823426573,-0.823426573,0.202611287
2878at155619,677,31,168,23,9,3,1.235602094,-0.235602094,0.725784002
28811at155619,179,7,27,4,6,2,2,-1,0.332417713
28859at155619,132,71,45,41,24,2,0.196705426,0.803294574,0.020210161
29014at155619,77,22,75,32,5,4,0.740186916,0.259813084,0.741855465
29103at155619,28,5,76,19,2,11,1.910526316,-0.910526316,0.518740033
29153at155619,46,6,74,8,2,13,4.12195122,-3.12195122,0.086032026
29157at155619,46,18,68,34,5,7,0.878431373,0.121568627,1
29242at155619,33,3,75,3,19,26,0.631578947,0.368421053,0.266644407
29269at155619,262,98,67,40,13,2,0.517613228,0.482386772,0.537864524
29309at155619,83,19,91,35,22,22,0.80952381,0.19047619,0.620335776
29326at155619,11,8,52,12,3,21,2.078125,-1.078125,0.391753942
2939at155619,129,41,145,65,29,49,1.367816092,-0.367816092,0.259272899
29427at155619,65,4,108,20,2,16,4.3125,-3.3125,0.039384367
29435at155619,73,117,39,9,17,13,3.026960784,-2.026960784,0.009263492
29504at155619,32,13,64,34,13,18,0.635792779,0.364207221,0.295918012
29537at155619,3,1,92,36,1,6,0.1875,0.8125,0.230690442
29568at155619,112,32,82,33,16,13,1.017391304,-0.017391304,1
29577at155619,53,9,108,16,12,23,0.958333333,0.041666667,1
29588at155619,110,102,27,22,27,9,1.442176871,-0.442176871,0.374171937
29601at155619,47,24,85,31,6,10,1.020114943,-0.020114943,1
29616at155619,62,103,45,22,22,12,1.343283582,-0.343283582,0.429723038
29621at155619,77,36,88,10,6,7,1.345238095,-0.345238095,0.776050527
29637at155619,106,36,94,41,14,14,1.051851852,-0.051851852,1
29713at155619,107,23,101,36,13,16,1.167883212,-0.167883212,0.845262313
29729at155619,46,14,65,14,6,15,1.898734177,-0.898734177,0.241142245
29735at155619,8,10,100,64,4,18,0.493902439,0.506097561,0.268296103
29797at155619,70,7,58,7,9,16,2.105982906,-1.105982906,0.128147209
29830at155619,304,64,123,10,41,35,2.362002567,-1.362002567,0.001006209
29840at155619,123,67,96,67,30,40,1.554192229,-0.554192229,0.115763379
29859at155619,116,21,21,4,40,9,1.233,-0.233,0.658946551
29865at155619,252,57,72,14,71,18,0.910907304,0.089092696,0.886445809
2990at155619,54,27,35,17,18,26,2.25,-1.25,0.023553958
29925at155619,93,29,93,31,17,19,1.099620493,-0.099620493,0.859205918
29932at155619,7,3,65,13,7,15,0.274725275,0.725274725,0.041504447
29953at155619,41,11,34,4,3,6,2.736842105,-1.736842105,0.180521509
29959at155619,41,7,103,29,10,27,0.981818182,0.018181818,1
29986at155619,25,4,66,7,2,8,1.589041096,-0.589041096,0.723820762
30023at155619,110,7,78,9,19,30,2.123411978,-1.123411978,0.025068173
30175at155619,43,16,67,30,11,11,0.608247423,0.391752577,0.351593115
30297at155619,65,43,27,23,9,4,0.96,0.04,1
30320at155619,4,4,21,4,3,4,0.426666667,0.573333333,0.369393775
3035at155619,141,75,185,97,20,23,0.880851064,0.119148936,0.749452512
30382at155619,62,18,37,12,5,2,0.653061224,0.346938776,0.711080559
30395at155619,38,11,45,45,13,8,0.335042735,0.664957265,0.029109298
30499at155619,121,33,79,32,2,9,6.243243243,-5.243243243,0.011656318
30558at155619,29,4,62,32,13,17,0.45908347,0.54091653,0.075018636
3061at155619,36,14,135,61,6,21,0.892857143,0.107142857,0.803676489
30624at155619,56,4,76,26,6,9,0.882352941,0.117647059,0.788548058
30657at155619,160,38,79,5,28,24,2.020408163,-1.020408163,0.024204054
30660at155619,73,33,56,21,20,13,0.894805195,0.105194805,0.849182811
30678at155619,120,35,56,17,8,2,0.530821918,0.469178082,0.511633367
30690at155619,55,22,76,26,8,9,0.849264706,0.150735294,0.801204036
30694at155619,69,31,85,35,11,11,0.833333333,0.166666667,0.823069596
3075at155619,93,10,90,23,21,23,0.99831437,0.00168563,1
307at155619,130,29,206,38,36,68,1.230874317,-0.230874317,0.428890463
30830at155619,83,25,65,24,3,8,3.235955056,-2.235955056,0.118093813
30873at155619,93,40,61,33,18,15,1.179078014,-0.179078014,0.707710375
30917at155619,69,26,100,27,31,36,0.868681737,0.131318263,0.67386435
30934at155619,54,11,73,22,9,13,0.988304094,0.011695906,1
30942at155619,59,17,72,26,3,7,1.80952381,-0.80952381,0.519280301
31020at155619,73,10,87,23,7,16,1.724675325,-0.724675325,0.27277458
31022at155619,61,8,67,13,8,19,2.0484375,-1.0484375,0.140366314
31025at155619,85,31,84,32,12,8,0.666666667,0.333333333,0.486582781
31106at155619,79,17,43,13,22,12,0.935064935,0.064935065,1
31123at155619,53,16,61,18,10,7,0.611392405,0.388607595,0.443749231
31128at155619,54,9,69,15,11,18,1.227272727,-0.227272727,0.684332918
31152at155619,101,43,57,28,5,6,2.032941176,-1.032941176,0.3405394
31224at155619,10,2,59,21,4,11,0.4125,0.5875,0.233931317
31236at155619,16,19,44,22,2,10,2.651515152,-1.651515152,0.331147977
31365at155619,127,34,48,17,44,3,0.168881119,0.831118881,0.000699385
31488at155619,28,4,51,13,6,18,1.5,-0.5,0.474720987
31509at155619,18,8,60,33,10,11,0.307526882,0.692473118,0.026994159
31601at155619,54,28,117,19,8,22,1.658088235,-0.658088235,0.312349139
3165at155619,161,19,124,12,52,60,1.527149321,-0.527149321,0.060898764
31726at155619,103,33,48,33,14,6,0.71957672,0.28042328,0.631250583
31832at155619,124,20,38,6,26,11,1.384615385,-0.384615385,0.408923197
31859at155619,101,40,105,50,10,16,1.455483871,-0.455483871,0.416986218
31957at155619,94,38,41,14,7,6,2.057142857,-1.057142857,0.221819763
31988at155619,174,45,33,7,1,0,0,1,1
32080at155619,72,38,33,9,5,3,1.571428571,-0.571428571,0.687610988
32132at155619,42,22,37,15,6,6,1.230769231,-0.230769231,0.768485447
32135at155619,44,13,59,26,14,16,0.766386555,0.233613445,0.544571391
32142at155619,39,12,69,38,2,9,2.144859813,-1.144859813,0.505508887
32159at155619,16,5,21,13,1,9,5.558823529,-4.558823529,0.144944583
32268at155619,86,42,34,20,7,1,0.338624339,0.661375661,0.441795322
32382at155619,41,23,58,32,9,6,0.474074074,0.525925926,0.183791933
32394at155619,47,17,49,11,12,14,1.244444444,-0.244444444,0.669736671
32506at155619,3,2,61,30,2,13,0.357142857,0.642857143,0.239630633
32530at155619,73,24,61,17,16,26,2.020833333,-1.020833333,0.057932681
3256at155619,76,12,164,84,11,30,0.967741935,0.032258065,1
32599at155619,26,3,19,10,7,5,0.714285714,0.285714286,0.753772033
32675at155619,297,16,41,5,4,5,8.505434783,-7.505434783,0.003463622
32692at155619,23,3,56,13,5,8,0.602898551,0.397101449,0.514057193
32709at155619,171,76,47,29,19,5,0.855263158,0.144736842,1
32712at155619,86,41,60,32,8,10,1.725543478,-0.725543478,0.324468293
32733at155619,207,59,137,37,41,26,0.969442108,0.030557892,1
32754at155619,125,9,42,5,12,8,1.90070922,-0.90070922,0.192895412
32763at155619,72,12,68,27,5,8,1.414736842,-0.414736842,0.774590538
32766at155619,120,17,70,24,11,8,1.059961315,-0.059961315,1
32785at155619,16,5,68,20,1,9,2.147727273,-1.147727273,0.686226724
32812at155619,27,8,52,18,4,7,0.875,0.125,1
32823at155619,129,16,54,13,13,8,1.331802526,-0.331802526,0.625395999
32871at155619,44,8,54,23,3,12,2.701298701,-1.701298701,0.164439628
32876at155619,93,36,120,48,5,17,2.610714286,-1.610714286,0.072983531
32880at155619,85,28,88,23,21,35,1.696696697,-0.696696697,0.100038776
32886at155619,9,2,52,30,2,15,1.006097561,-0.006097561,1
32888at155619,31,8,60,15,7,8,0.594285714,0.405714286,0.395078973
32898at155619,62,48,31,20,16,16,2.156862745,-1.156862745,0.066093819
32927at155619,10,4,48,17,3,6,0.430769231,0.569230769,0.36688537
32937at155619,17,8,63,20,1,6,1.807228916,-0.807228916,1
32941at155619,30,10,22,5,16,21,1.944444444,-0.944444444,0.150152618
32942at155619,44,1,37,13,4,13,2.925,-1.925,0.109494085
32965at155619,43,11,71,24,3,12,2.273684211,-1.273684211,0.263905975
32984at155619,2,0,52,17,0,10,Inf,NA,1
32987at155619,25,9,42,8,10,10,0.68,0.32,0.460605292
32999at155619,110,26,84,17,32,15,0.631188119,0.368811881,0.195936773
33109at155619,96,78,39,12,10,8,2.729411765,-1.729411765,0.047679185
33116at155619,125,37,81,16,14,15,1.789396171,-0.789396171,0.160628519
33133at155619,108,19,27,6,5,13,10.00606061,-9.006060606,1.67E-05
33207at155619,35,15,120,56,0,4,Inf,NA,0.579223466
33213at155619,56,27,73,64,13,17,0.792251544,0.207748456,0.554904577
33318at155619,51,17,45,13,23,22,1.12143928,-0.12143928,0.862005146
33418at155619,64,9,47,25,3,11,3.717592593,-2.717592593,0.049971837
33422at155619,65,13,35,2,5,9,3.794594595,-2.794594595,0.034767166
33477at155619,52,24,50,16,21,39,2.138528139,-1.138528139,0.020595023
33505at155619,63,11,43,6,8,9,1.698979592,-0.698979592,0.30958654
3377at155619,48,28,224,33,8,57,2.107003891,-1.107003891,0.067157641
33819at155619,17,6,44,16,2,8,1.533333333,-0.533333333,0.724024658
33853at155619,149,95,56,19,7,1,0.464761905,0.535238095,0.686655139
33859at155619,91,26,118,54,9,23,1.738372093,-0.738372093,0.188061217
3385at155619,159,45,128,30,45,70,2.008438819,-1.008438819,0.001330334
33864at155619,147,48,87,29,28,15,0.900554187,0.099445813,0.866618343
33877at155619,92,34,30,15,10,4,1.12,-0.12,1
33889at155619,92,27,72,12,8,11,1.947916667,-0.947916667,0.225101869
33906at155619,124,49,65,18,11,12,2.273822563,-1.273822563,0.067009206
33917at155619,76,20,64,11,7,15,2.742857143,-1.742857143,0.040605039
3393at155619,101,48,177,80,21,45,1.242356865,-0.242356865,0.491201239
33947at155619,21,5,51,9,0,14,Inf,NA,0.018158925
34015at155619,111,13,29,6,9,28,11.02222222,-10.02222222,1.50E-09
34030at155619,54,32,25,7,2,3,4.03125,-3.03125,0.138780851
34051at155619,66,13,70,8,10,14,1.417948718,-0.417948718,0.513167375
34134at155619,24,5,33,9,3,5,1.150793651,-0.150793651,1
34155at155619,40,15,63,29,6,22,2.192028986,-1.192028986,0.130998015
34173at155619,68,22,42,25,5,3,0.805970149,0.194029851,1
34204at155619,4,0,55,13,1,10,0.588235294,0.411764706,0.518104527
34253at155619,66,7,57,15,3,9,3.041666667,-2.041666667,0.132870991
34264at155619,86,8,44,7,10,16,2.949019608,-1.949019608,0.015757881
34342at155619,30,6,42,20,8,16,1.161290323,-0.161290323,0.816594288
34351at155619,67,24,49,17,16,11,0.947916667,0.052083333,1
34371at155619,9,2,30,6,1,3,0.916666667,0.083333333,1
34399at155619,42,13,40,13,10,10,1.037735849,-0.037735849,1
34400at155619,37,8,34,7,10,8,0.87804878,0.12195122,1
34444at155619,8,2,51,20,1,9,1.267605634,-0.267605634,1
34526at155619,15,1,62,19,7,15,0.423280423,0.576719577,0.133079451
34561at155619,29,8,59,12,8,27,1.758802817,-0.758802817,0.29483531
3456at155619,66,11,144,43,3,38,5.215686275,-4.215686275,0.002007923
34570at155619,83,43,51,27,8,5,1.009615385,-0.009615385,1
34607at155619,56,35,77,18,6,12,1.915789474,-0.915789474,0.227154803
34643at155619,133,13,54,10,11,8,1.659090909,-0.659090909,0.309569206
34662at155619,93,33,99,55,21,26,1.012987013,-0.012987013,1
34688at155619,12,6,65,37,5,3,0.105882353,0.894117647,0.004815857
34784at155619,116,23,67,23,7,11,2.426984127,-1.426984127,0.083617052
34812at155619,13,3,44,16,2,10,1.333333333,-0.333333333,1
34819at155619,125,19,28,6,10,5,2.117647059,-1.117647059,0.190447072
34826at155619,51,13,62,26,7,13,1.350649351,-0.350649351,0.63352912
34836at155619,33,7,45,25,1,5,2.857142857,-1.857142857,0.421514457
34987at155619,39,7,58,22,4,8,1.15,-0.15,1
35055at155619,46,15,60,13,22,26,0.9875467,0.0124533,1
35081at155619,17,4,57,14,6,13,0.64084507,0.35915493,0.396670245
35088at155619,89,9,46,7,18,12,1.232704403,-0.232704403,0.678216376
35117at155619,157,24,86,25,19,16,1.373162636,-0.373162636,0.46322742
35127at155619,109,14,59,13,8,17,3.630208333,-2.630208333,0.00428425
35162at155619,25,5,55,19,3,18,2.432432432,-1.432432432,0.276406579
35193at155619,22,12,44,24,4,4,0.5,0.5,0.443823549
35253at155619,22,10,65,21,2,10,1.860465116,-0.860465116,0.730791946
35349at155619,82,16,51,5,62,20,0.564516129,0.435483871,0.078818251
35361at155619,89,26,83,23,11,17,1.676672384,-0.676672384,0.232323763
35381at155619,43,10,32,7,8,6,1.019230769,-0.019230769,1
35464at155619,21,2,63,11,2,9,1.398648649,-0.398648649,1
35479at155619,100,23,71,13,12,12,1.464285714,-0.464285714,0.38979959
35539at155619,119,47,52,24,19,13,1.494459834,-0.494459834,0.31835273
35573at155619,46,8,52,14,1,10,8.181818182,-7.181818182,0.024803066
35579at155619,4,0,42,9,1,9,0.705882353,0.294117647,0.578836783
3559at155619,25,7,152,44,18,47,0.426303855,0.573696145,0.014485065
35618at155619,24,32,94,36,3,8,1.148717949,-0.148717949,1
35642at155619,24,10,56,23,4,8,0.860759494,0.139240506,0.75436984
35646at155619,31,10,53,29,1,9,4.5,-3.5,0.169422896
3564at155619,85,12,172,43,7,39,2.513621262,-1.513621262,0.035554294
3565at155619,130,12,115,23,18,20,1.14331723,-0.14331723,0.732111142
35668at155619,65,20,59,15,5,11,2.527027027,-1.527027027,0.116832776
35696at155619,71,34,89,36,25,9,0.3024,0.6976,0.002961304
35715at155619,124,44,62,34,16,18,1.96875,-0.96875,0.090202883
35717at155619,0,0,54,14,1,8,0,1,0.116883117
35719at155619,8,1,30,12,1,6,1.285714286,-0.285714286,1
3579at155619,7,5,141,28,4,34,0.603550296,0.396449704,0.489030805
35825at155619,66,14,56,17,7,7,1.095890411,-0.095890411,1
35887at155619,16,5,44,13,5,14,1.031578947,-0.031578947,1
35889at155619,14,28,46,24,3,3,0.6,0.4,0.672989874
35949at155619,13,6,29,18,2,9,1.819148936,-0.819148936,0.71724849
36025at155619,16,8,38,14,2,3,0.692307692,0.307692308,0.653907977
36034at155619,3,2,68,18,2,8,0.23255814,0.76744186,0.141862727
36071at155619,12,8,34,10,6,9,0.681818182,0.318181818,0.550750053
3609at155619,266,60,167,45,17,20,1.809100999,-0.809100999,0.085297992
36145at155619,47,2,42,7,4,11,2.75,-1.75,0.104512494
36161at155619,70,22,65,25,9,18,2.044444444,-1.044444444,0.103399156
36178at155619,35,51,41,23,4,7,2.3515625,-1.3515625,0.216117133
36209at155619,183,181,98,79,0,0,NA,NA,1
36266at155619,73,41,72,49,12,16,1.256198347,-0.256198347,0.689876423
36269at155619,9,28,19,8,2,14,9.592592593,-8.592592593,0.001562702
36276at155619,17,12,62,20,0,4,Inf,NA,0.570705332
36292at155619,39,7,43,3,4,28,7,-6,0.000143796
3631at155619,44,20,36,25,6,6,1.049180328,-0.049180328,1
36432at155619,96,30,120,46,20,17,0.645180723,0.354819277,0.222988184
36446at155619,13,4,65,35,0,8,Inf,NA,0.596986016
36463at155619,53,16,47,15,16,14,0.973790323,0.026209677,1
36547at155619,208,52,187,65,19,40,2.172096909,-1.172096909,0.008582905
36559at155619,25,20,23,9,6,5,1.171875,-0.171875,1
3656at155619,151,4,155,62,1,26,18.57142857,-17.57142857,2.12E-05
36575at155619,116,58,78,32,18,12,1.054545455,-0.054545455,1
36713at155619,56,11,68,24,10,15,1.092391304,-0.092391304,1
36724at155619,79,34,30,5,24,11,1.479761905,-0.479761905,0.387149153
36817at155619,16,8,51,21,1,7,2.333333333,-1.333333333,0.676254931
3682at155619,7,5,179,51,7,55,0.409937888,0.590062112,0.078732337
36857at155619,64,18,39,16,7,10,2.12987013,-1.12987013,0.193064668
36883at155619,49,12,62,18,8,12,1.14375,-0.14375,0.81467361
36937at155619,131,78,56,24,16,11,1.79609375,-0.79609375,0.182083272
3697at155619,119,42,211,90,9,36,2.139534884,-1.139534884,0.047528889
3716at155619,79,32,77,51,19,63,2.875411184,-1.875411184,0.000234948
37173at155619,21,2,30,2,7,8,0.821428571,0.178571429,0.77496117
37233at155619,103,40,69,44,18,7,0.492133727,0.507866273,0.140922996
37275at155619,9,6,57,18,2,10,1,0,1
37309at155619,130,61,69,21,9,7,1.650617284,-0.650617284,0.411436486
37328at155619,64,21,46,28,6,9,1.722972973,-0.722972973,0.419524821
37361at155619,7,6,64,16,7,17,0.394642857,0.605357143,0.123753716
37394at155619,111,41,116,40,24,21,0.852564103,0.147435897,0.635730225
37409at155619,123,73,44,21,15,8,1.608205128,-0.608205128,0.322034126
37438at155619,11,12,41,30,3,13,1.403755869,-0.403755869,0.758025233
37514at155619,43,20,42,17,2,9,4.805084746,-3.805084746,0.055345533
37559at155619,28,12,53,11,5,8,1,0,1
37620at155619,186,41,67,8,33,19,1.742626263,-0.742626263,0.089449908
37638at155619,36,7,40,12,6,23,3.169871795,-2.169871795,0.018514915
37651at155619,45,5,82,12,7,15,1.139817629,-0.139817629,1
37696at155619,26,1,27,7,4,0,0,1,0.046474359
37707at155619,70,14,38,8,18,11,1.115942029,-0.115942029,0.832144869
37794at155619,99,17,88,8,7,9,1.553571429,-0.553571429,0.443220426
37857at155619,78,18,29,13,19,17,2.045112782,-1.045112782,0.074977361
37865at155619,42,33,71,27,8,25,2.391581633,-1.391581633,0.052140574
3790at155619,68,30,152,55,5,16,1.514975845,-0.514975845,0.62784686
37985at155619,48,14,45,16,6,9,1.524590164,-0.524590164,0.586411384
3809at155619,218,75,305,118,14,28,1.38534279,-0.38534279,0.419045328
38159at155619,101,22,82,19,19,14,0.897342366,0.102657634,0.85230279
3821at155619,71,23,87,28,12,25,1.702898551,-0.702898551,0.207167216
38283at155619,14,6,50,18,10,14,0.411764706,0.588235294,0.073465193
38321at155619,163,20,61,11,15,12,2.033333333,-1.033333333,0.119030542
38343at155619,12,2,51,14,1,7,1.507692308,-0.507692308,1
3854at155619,51,20,160,58,15,46,0.998776758,0.001223242,1
38647at155619,36,4,42,7,4,11,2.244897959,-1.244897959,0.260668464
38660at155619,74,10,56,7,9,22,3.259259259,-2.259259259,0.005404103
38699at155619,52,13,37,9,11,13,1.669960474,-0.669960474,0.266733049
38709at155619,62,159,42,28,10,3,0.947142857,0.052857143,1
38718at155619,87,39,53,26,10,4,0.637974684,0.362025316,0.575379579
38733at155619,103,17,41,15,5,3,1.285714286,-0.285714286,0.71261532
38767at155619,163,29,113,36,16,16,1.288590604,-0.288590604,0.577487918
38844at155619,25,1,52,3,4,13,1.536363636,-0.536363636,0.573904379
38893at155619,21,3,49,24,1,12,3.945205479,-2.945205479,0.290744875
38921at155619,25,9,19,3,7,17,3.753246753,-2.753246753,0.014249734
38991at155619,97,13,23,6,20,14,2.655172414,-1.655172414,0.025050515
39086at155619,71,21,67,9,24,15,0.756578947,0.243421053,0.478359044
39123at155619,8,0,67,24,1,6,0.527472527,0.472527473,0.472868074
39161at155619,39,7,56,19,9,26,1.771851852,-0.771851852,0.229190615
3936at155619,160,48,88,30,92,43,0.823876197,0.176123803,0.392246459
39435at155619,42,8,75,16,4,21,2.884615385,-1.884615385,0.065281565
39589at155619,8,0,30,4,0,9,Inf,NA,0.322113229
39592at155619,9,3,36,16,6,11,0.423076923,0.576923077,0.189628191
39595at155619,17,23,49,13,0,8,Inf,NA,0.049040071
39624at155619,19,4,38,15,1,14,6.075471698,-5.075471698,0.104733191
39637at155619,99,17,57,5,24,20,1.559139785,-0.559139785,0.222943108
39764at155619,69,18,44,8,22,6,0.456293706,0.543706294,0.129645174
39832at155619,67,26,59,23,13,12,1.046904315,-0.046904315,1
39929at155619,121,1,50,2,2,2,2.346153846,-1.346153846,0.585813067
39935at155619,20,3,70,32,5,8,0.360784314,0.639215686,0.138504747
39943at155619,95,60,68,41,12,8,0.948012232,0.051987768,1
40001at155619,37,9,44,13,2,15,6.052631579,-5.052631579,0.014319307
40011at155619,44,2,51,6,11,10,0.733652313,0.266347687,0.632350579
40043at155619,49,9,82,7,16,27,1.099719101,-0.099719101,0.859914782
40061at155619,13,2,58,11,2,9,0.97826087,0.02173913,1
40077at155619,44,11,42,14,4,8,1.964285714,-0.964285714,0.368077311
40123at155619,139,46,141,59,25,23,0.851,0.149,0.647407236
40141at155619,21,1,48,31,4,10,0.696202532,0.303797468,0.516527384
40143at155619,21,5,43,3,7,13,1.049689441,-0.049689441,1
40146at155619,4,0,40,3,1,16,1.488372093,-0.488372093,1
40173at155619,13,5,27,5,0,6,Inf,NA,0.161880572
40178at155619,91,29,29,5,6,1,0.588235294,0.411764706,1
40197at155619,115,23,50,27,1,4,7.168831169,-6.168831169,0.062614833
40340at155619,65,18,71,12,12,15,1.25,-0.25,0.679898392
40347at155619,14,0,65,5,1,13,2.6,-1.6,0.688313853
40423at155619,26,26,27,3,16,16,1.733333333,-0.733333333,0.208261261
40443at155619,71,13,53,18,22,21,1.129321383,-0.129321383,0.733185059
40469at155619,11,1,59,9,3,7,0.411764706,0.588235294,0.361017042
40485at155619,42,19,39,8,2,14,9.085106383,-8.085106383,0.001038407
40493at155619,24,13,61,29,1,7,2.877777778,-1.877777778,0.440904357
40671at155619,87,24,61,29,5,7,1.726666667,-0.726666667,0.387122317
40710at155619,73,89,36,19,5,4,2.356363636,-1.356363636,0.244878042
40713at155619,61,27,50,19,4,6,1.913043478,-0.913043478,0.346929844
40806at155619,61,13,49,7,7,6,1.132653061,-0.132653061,1
40807at155619,50,18,39,10,6,5,1.156462585,-0.156462585,1
40839at155619,93,13,40,6,10,5,1.152173913,-0.152173913,0.775973334
40887at155619,49,11,33,3,14,5,0.595238095,0.404761905,0.437768169
40957at155619,123,31,123,45,15,18,1.1,-0.1,0.856009236
40974at155619,49,12,30,8,3,6,3.210526316,-2.210526316,0.154856809
40985at155619,42,16,27,9,4,4,1.611111111,-0.611111111,0.708459017
41032at155619,7,5,41,12,2,5,0.566037736,0.433962264,0.615334139
41039at155619,24,14,38,21,2,3,0.966101695,0.033898305,1
41120at155619,67,14,38,18,5,4,1.157142857,-0.157142857,1
41154at155619,177,12,51,13,38,26,2.020559211,-1.020559211,0.01967096
41218at155619,49,8,30,7,2,12,9.243243243,-8.243243243,0.001340583
41249at155619,38,24,51,15,11,17,1.451790634,-0.451790634,0.410290519
41288at155619,26,0,24,2,1,3,3,-2,0.612006861
41366at155619,150,40,14,11,7,1,1.085714286,-0.085714286,1
41389at155619,14,3,71,18,1,8,1.528089888,-0.528089888,1
41417at155619,100,23,67,14,22,25,1.725589226,-0.725589226,0.102879
41439at155619,30,11,46,13,7,14,1.389830508,-0.389830508,0.626594697
41475at155619,10,5,42,18,3,4,0.333333333,0.666666667,0.174774899
41487at155619,35,14,41,6,3,7,2.432624113,-1.432624113,0.320335467
41500at155619,19,65,21,14,2,7,8.4,-7.4,0.005728583
41501at155619,102,12,32,14,4,5,3.097826087,-2.097826087,0.130854759
41570at155619,3,2,38,22,1,11,0.916666667,0.083333333,1
41711at155619,83,13,34,3,26,13,1.297297297,-0.297297297,0.549433122
41737at155619,21,5,38,11,6,8,0.707482993,0.292517007,0.559189845
41740at155619,5,1,38,4,0,8,Inf,NA,0.578100035
41755at155619,20,5,53,14,12,8,0.248756219,0.751243781,0.007839105
41817at155619,39,11,79,25,9,27,1.442307692,-0.442307692,0.429912971
41864at155619,290,75,38,9,1,0,0,1,1
41899at155619,40,7,23,5,8,11,2.308035714,-1.308035714,0.123201851
41900at155619,46,42,55,11,10,14,1.866666667,-0.866666667,0.187941371
41943at155619,38,5,30,3,6,8,1.737373737,-0.737373737,0.391656119
41951at155619,19,11,22,32,3,16,2.962962963,-1.962962963,0.109423833
41997at155619,33,4,30,3,8,6,0.840909091,0.159090909,1
42074at155619,6,0,42,17,0,4,Inf,NA,1
42135at155619,7,0,63,20,1,7,0.590361446,0.409638554,0.507420282
42173at155619,5,3,37,21,0,2,Inf,NA,1
42186at155619,25,6,35,8,2,7,2.523255814,-1.523255814,0.306168942
42195at155619,15,3,46,11,4,12,0.947368421,0.052631579,1
42216at155619,136,40,53,18,24,13,1.342723005,-0.342723005,0.44311928
42319at155619,142,63,55,21,33,11,0.899122807,0.100877193,0.856237566
42341at155619,64,10,30,7,5,6,2.4,-1.4,0.19252377
42342at155619,25,19,37,20,4,12,2.315789474,-1.315789474,0.183649549
42394at155619,54,46,57,18,4,15,5,-4,0.003255759
42420at155619,76,8,32,4,8,15,4.375,-3.375,0.001891784
42531at155619,27,4,36,10,4,9,1.516304348,-0.516304348,0.75948369
42560at155619,46,9,40,17,6,2,0.321637427,0.678362573,0.272738151
42619at155619,20,12,61,8,2,17,3.942028986,-2.942028986,0.093464026
42667at155619,31,7,18,6,9,7,1.231481481,-0.231481481,0.778325079
42766at155619,19,8,36,17,1,6,3.056603774,-2.056603774,0.420982273
42942at155619,111,25,42,1,13,11,2.676207513,-1.676207513,0.028853853
42947at155619,75,23,43,19,20,7,0.553225806,0.446774194,0.281054274
4299at155619,98,75,115,70,12,20,1.558558559,-0.558558559,0.271056122
43064at155619,17,7,16,9,6,14,2.24,-1.24,0.186364773
4314at155619,114,23,134,23,21,32,1.329693661,-0.329693661,0.37203378
43259at155619,65,6,56,14,10,9,0.912857143,0.087142857,1
43300at155619,142,113,68,13,17,18,3.333333333,-2.333333333,0.001066765
43307at155619,4,4,28,14,1,6,1.142857143,-0.142857143,1
43311at155619,21,6,43,23,5,6,0.490909091,0.509090909,0.307065658
43315at155619,6,1,35,9,2,5,0.397727273,0.602272727,0.2957327
43343at155619,8,3,38,14,0,5,Inf,NA,0.583168012
43357at155619,23,19,39,20,3,5,1.186440678,-0.186440678,1
43378at155619,85,43,38,16,15,17,2.686419753,-1.686419753,0.013831858
43464at155619,118,9,46,14,5,7,2.963333333,-1.963333333,0.110243446
43522at155619,20,5,52,6,4,3,0.323275862,0.676724138,0.205976518
43534at155619,22,12,34,20,6,8,0.839506173,0.160493827,0.775494658
43575at155619,15,9,46,12,0,11,Inf,NA,0.060322193
43612at155619,64,11,32,14,10,11,1.793478261,-0.793478261,0.235477396
43669at155619,6,15,39,10,1,6,2.571428571,-1.571428571,0.665838737
43671at155619,67,3,31,8,0,5,Inf,NA,0.00739771
436at155619,269,68,281,99,46,76,1.465217391,-0.465217391,0.061910871
43703at155619,63,30,44,14,14,9,1.030788177,-0.030788177,1
43731at155619,25,2,56,6,5,5,0.435483871,0.564516129,0.285127378
43801at155619,12,4,22,4,1,8,4.923076923,-3.923076923,0.241231172
43847at155619,6,1,24,12,0,17,Inf,NA,0.175385449
43862at155619,31,19,43,13,3,5,1.488095238,-0.488095238,0.722330926
43963at155619,113,29,48,11,16,10,1.504237288,-0.504237288,0.368397848
43977at155619,3,0,40,16,3,7,0.125,0.875,0.035665317
44029at155619,140,45,62,28,9,12,2.740740741,-1.740740741,0.03125672
44067at155619,104,33,25,3,29,10,1.687192118,-0.687192118,0.252204675
44137at155619,73,10,31,17,15,9,1.0375,-0.0375,1
44240at155619,33,8,33,10,9,6,0.635658915,0.364341085,0.576646993
44244at155619,71,13,46,3,11,9,1.402597403,-0.402597403,0.621818207
44246at155619,22,7,44,20,7,16,1.035714286,-0.035714286,1
44285at155619,39,20,39,20,1,2,2,-1,1
44398at155619,79,47,37,27,4,4,1.96875,-0.96875,0.449855932
44438at155619,88,9,29,15,1,2,4.409090909,-3.409090909,0.239276569
44458at155619,11,2,36,13,3,12,1.06122449,-0.06122449,1
44520at155619,73,17,40,10,16,5,0.5625,0.4375,0.332969216
44682at155619,45,14,29,13,9,5,0.78042328,0.21957672,0.777021874
4470at155619,25,9,119,58,4,23,1.104519774,-0.104519774,1
44981at155619,66,14,70,14,18,23,1.216931217,-0.216931217,0.604150876
45018at155619,27,9,33,11,2,11,4.5,-3.5,0.06633452
45046at155619,20,3,22,2,5,11,2.108333333,-1.108333333,0.256646529
45151at155619,22,12,26,7,3,1,0.343434343,0.656565657,0.615466713
45206at155619,2,0,27,8,1,6,0.342857143,0.657142857,0.413319239
45224at155619,4,1,29,12,0,8,Inf,NA,1
45378at155619,14,3,19,5,1,11,7.791666667,-6.791666667,0.041161047
45420at155619,51,13,18,16,3,3,1.882352941,-0.882352941,0.663581207
45422at155619,20,43,19,19,1,9,14.92105263,-13.92105263,0.001792508
45434at155619,45,15,36,9,8,5,0.833333333,0.166666667,1
45463at155619,0,1,40,13,1,3,0.056603774,0.943396226,0.13430127
45484at155619,19,6,40,14,2,2,0.462962963,0.537037037,0.592712313
45515at155619,35,12,31,15,3,4,1.362318841,-0.362318841,1
45561at155619,13,4,22,9,1,0,0,1,0.367346939
45593at155619,33,9,55,14,9,29,1.961352657,-0.961352657,0.164894042
45663at155619,11,6,35,14,4,4,0.346938776,0.653061224,0.212103872
45755at155619,36,8,49,10,3,8,1.988700565,-0.988700565,0.521036707
4582at155619,92,18,124,42,41,55,0.88892154,0.11107846,0.631319962
45835at155619,74,10,62,20,6,13,2.219512195,-1.219512195,0.147750503
45861at155619,11,1,25,5,6,11,0.733333333,0.266666667,0.756131487
45888at155619,72,14,60,15,12,7,0.668888889,0.331111111,0.473068743
45935at155619,41,3,22,5,1,9,14.66666667,-13.66666667,0.00408904
46026at155619,57,8,46,6,14,12,1.071428571,-0.071428571,1
46048at155619,0,0,21,14,0,10,NA,NA,1
46097at155619,127,27,44,34,12,12,1.974358974,-0.974358974,0.120252609
46140at155619,83,37,38,24,9,4,0.860215054,0.139784946,1
46149at155619,23,1,44,4,2,12,3,-2,0.211238753
46193at155619,75,12,57,15,6,4,0.805555556,0.194444444,1
46237at155619,61,3,34,9,0,1,Inf,NA,0.407407407
46244at155619,9,2,45,11,0,3,Inf,NA,1
46293at155619,36,7,51,11,12,10,0.577956989,0.422043011,0.344101903
46389at155619,30,5,40,7,9,7,0.579196217,0.420803783,0.412205287
46395at155619,51,20,30,6,5,15,5.916666667,-4.916666667,0.000889777
46398at155619,8,0,45,13,6,5,0.114942529,0.885057471,0.003483428
4643at155619,184,47,215,62,30,46,1.278700361,-0.278700361,0.386740873
46483at155619,80,9,29,7,7,8,2.825396825,-1.825396825,0.075598881
46561at155619,26,17,18,7,6,2,0.573333333,0.426666667,0.704196535
46562at155619,11,6,19,9,3,3,0.607142857,0.392857143,0.668043906
46567at155619,8,6,39,11,2,5,0.7,0.3,0.651223369
46640at155619,7,0,28,5,0,7,Inf,NA,0.572777555
46647at155619,29,7,34,15,2,3,1.102040816,-0.102040816,1
46840at155619,26,10,32,8,4,9,2.025,-1.025,0.369011652
46917at155619,24,11,48,16,5,7,0.765625,0.234375,0.753450225
46931at155619,2,2,35,14,0,3,Inf,NA,1
46956at155619,48,4,30,8,9,8,1.216374269,-0.216374269,0.792039774
46974at155619,55,12,55,12,13,14,1.076923077,-0.076923077,1
47025at155619,6,3,31,8,0,3,Inf,NA,1
47044at155619,29,7,46,20,1,3,1.636363636,-0.636363636,1
47051at155619,7,5,37,15,11,9,0.188811189,0.811188811,0.003186778
47141at155619,30,9,36,17,0,4,Inf,NA,0.143668497
47176at155619,74,8,36,5,3,7,4.666666667,-3.666666667,0.035259937
47255at155619,10,2,41,6,0,6,Inf,NA,0.583090957
47311at155619,25,9,66,17,5,8,0.655421687,0.344578313,0.529038428
47465at155619,17,10,31,12,4,8,1.255813953,-0.255813953,1
47517at155619,23,8,21,10,38,6,0.157894737,0.842105263,0.000153803
47518at155619,13,5,14,4,13,10,0.769230769,0.230769231,0.789858053
47541at155619,100,18,37,4,12,6,1.43902439,-0.43902439,0.573869209
47654at155619,0,1,23,3,2,5,0.096153846,0.903846154,0.100601604
47678at155619,16,8,27,20,3,2,0.340425532,0.659574468,0.340320349
47679at155619,13,7,30,11,4,10,1.219512195,-0.219512195,1
4768at155619,232,54,126,20,54,36,1.305936073,-0.305936073,0.275156125
47771at155619,128,4,19,3,3,0,0,1,1
47852at155619,34,19,35,19,1,6,5.888888889,-4.888888889,0.117053545
47867at155619,77,12,48,14,9,8,1.275985663,-0.275985663,0.796045997
47898at155619,70,9,40,8,3,12,6.583333333,-5.583333333,0.002229387
47955at155619,9,19,28,21,3,3,0.571428571,0.428571429,0.666477477
47959at155619,21,11,23,20,9,3,0.248062016,0.751937984,0.059539256
47968at155619,51,42,12,13,14,7,1.86,-0.86,0.261584409
48037at155619,20,7,35,25,2,2,0.45,0.55,0.589631342
48112at155619,12,0,28,8,0,6,Inf,NA,0.318725226
48145at155619,10,0,41,19,0,5,Inf,NA,1
4821at155619,115,30,202,47,21,34,0.942818895,0.057181105,0.88187792
4828at155619,86,56,197,69,3,29,5.160401003,-4.160401003,0.002783655
48318at155619,15,3,20,10,4,1,0.15,0.85,0.147406423
48322at155619,21,3,30,1,8,13,1.258064516,-0.258064516,0.796481343
48400at155619,9,5,37,19,1,6,1.5,-0.5,1
48592at155619,6,4,38,12,1,6,1.2,-0.2,1
48618at155619,15,1,32,8,2,5,1,0,1
4873at155619,107,31,133,36,21,21,0.816568047,0.183431953,0.620850867
4879at155619,340,203,136,56,67,38,1.604011194,-0.604011194,0.035164257
4888at155619,147,20,116,10,25,15,0.795238095,0.204761905,0.609539391
48996at155619,6,2,38,11,2,5,0.408163265,0.591836735,0.299161523
49069at155619,163,36,70,12,32,25,1.895960366,-0.895960366,0.041500035
4912at155619,120,31,171,31,35,48,1.025176803,-0.025176803,1
49188at155619,31,3,43,5,12,11,0.649305556,0.350694444,0.476289376
49208at155619,19,7,33,7,1,7,4.55,-3.55,0.244535409
49374at155619,6,3,33,10,7,5,0.149501661,0.850498339,0.00679009
4947at155619,169,72,96,42,48,35,1.273399758,-0.273399758,0.380837158
49491at155619,59,13,24,13,4,2,0.972972973,0.027027027,1
49531at155619,14,5,21,18,1,3,1.461538462,-0.461538462,1
49532at155619,10,1,20,5,0,2,Inf,NA,1
49627at155619,93,29,44,15,5,5,2.06779661,-1.06779661,0.307068307
49657at155619,14,4,25,9,5,3,0.317647059,0.682352941,0.239835626
4965at155619,94,24,181,55,16,67,2.09375,-1.09375,0.012071373
49778at155619,15,28,16,8,1,1,1.791666667,-0.791666667,1
4978at155619,101,22,205,48,13,21,0.78534509,0.21465491,0.569159663
49835at155619,83,6,54,19,5,4,0.975342466,0.024657534,1
49867at155619,17,10,14,12,0,3,Inf,NA,0.237337662
4987at155619,48,10,215,35,6,53,2.049333333,-1.049333333,0.134058928
49985at155619,2,0,19,18,0,8,Inf,NA,1
50042at155619,4,26,14,5,1,4,6.315789474,-5.315789474,0.15116632
50070at155619,5,0,23,2,1,4,0.8,0.2,1
50101at155619,25,10,34,17,2,7,2.401960784,-1.401960784,0.47478859
50196at155619,15,11,29,13,6,6,0.619047619,0.380952381,0.528660912
50261at155619,42,1,27,1,7,9,1.974489796,-0.974489796,0.268171008
5026at155619,265,43,150,33,21,16,1.282331512,-0.282331512,0.48533211
50755at155619,26,4,30,3,4,11,2.5,-1.5,0.161310531
50883at155619,48,17,29,10,13,9,1.153846154,-0.153846154,0.811485594
50916at155619,29,3,22,9,1,4,4.129032258,-3.129032258,0.35706085
50983at155619,37,17,23,7,2,4,3.6,-2.6,0.194044133
50984at155619,32,15,16,3,4,3,1.855263158,-0.855263158,0.423793672
51176at155619,5,0,22,9,1,7,1.129032258,-0.129032258,1
51205at155619,15,7,13,8,0,5,Inf,NA,0.053795354
51378at155619,1,1,28,7,0,6,Inf,NA,1
51422at155619,70,10,32,13,5,7,2.488888889,-1.488888889,0.21097519
51569at155619,34,2,20,3,2,1,0.782608696,0.217391304,1
51693at155619,31,12,37,19,5,6,0.921428571,0.078571429,1
52110at155619,22,11,21,11,1,1,1.03125,-0.03125,1
52145at155619,2,1,18,16,0,0,NA,NA,1
52161at155619,31,12,32,16,1,7,6.270833333,-5.270833333,0.072612076
52270at155619,42,5,21,6,2,3,2.611111111,-1.611111111,0.362364484
52429at155619,14,4,24,10,1,10,5.294117647,-4.294117647,0.149745055
52517at155619,53,18,27,5,9,6,1.479166667,-0.479166667,0.557741131
52571at155619,47,5,15,7,2,1,1.181818182,-0.181818182,1
5314at155619,125,29,130,42,42,37,0.78875969,0.21124031,0.380636539
53240at155619,17,6,21,16,1,1,0.621621622,0.378378378,1
53766at155619,31,1,13,2,2,4,4.266666667,-3.266666667,0.171701075
53937at155619,76,36,20,8,9,3,1.333333333,-0.333333333,0.710691282
5450at155619,203,67,171,69,24,37,1.734375,-0.734375,0.057124277
54891at155619,20,10,39,20,4,6,0.762711864,0.237288136,0.732593245
5504at155619,19,10,87,43,3,30,2.230769231,-1.230769231,0.303678106
55132at155619,24,9,10,9,2,4,3.473684211,-2.473684211,0.201864725
5536at155619,102,55,110,76,18,20,0.937873357,0.062126643,0.865419221
5621at155619,57,12,193,74,9,25,0.717852684,0.282147316,0.386901933
5643at155619,189,80,198,56,41,58,1.498175533,-0.498175533,0.079296071
5675at155619,35,19,142,27,7,32,1.460693153,-0.460693153,0.537872164
5752at155619,109,24,207,65,15,27,0.880147059,0.119852941,0.731843233
5780at155619,44,12,128,21,5,38,2.856375839,-1.856375839,0.032079787
5783at155619,396,27,59,10,1,1,6.130434783,-5.130434783,0.263568502
5784at155619,41,27,236,104,5,27,1.08,-0.08,1
5794at155619,69,34,199,62,18,34,0.745423585,0.254576415,0.414255648
5876at155619,31,9,142,50,3,16,1.111111111,-0.111111111,1
5879at155619,89,24,100,20,24,25,0.980902778,0.019097222,1
592at155619,115,42,77,13,37,29,1.367267267,-0.367267267,0.317748873
5938at155619,171,63,129,34,25,33,1.894969325,-0.894969325,0.032527198
5959at155619,77,30,123,47,13,13,0.629411765,0.370588235,0.296553441
6016at155619,52,13,191,85,10,45,1.059782609,-0.059782609,1
601at155619,84,40,164,55,15,31,1.170167428,-0.170167428,0.74378533
6024at155619,90,34,79,34,28,36,1.410872314,-0.410872314,0.26024831
6061at155619,85,23,179,37,18,37,1.027777778,-0.027777778,1
6077at155619,195,72,166,47,18,30,2.089201878,-1.089201878,0.021973206
6106at155619,259,78,150,39,46,31,1.20163331,-0.20163331,0.526421766
6194at155619,468,29,81,4,7,6,5.011764706,-4.011764706,0.007590668
6213at155619,178,39,131,41,64,70,1.379905523,-0.379905523,0.131710041
6216at155619,83,20,81,31,8,17,1.954241071,-0.954241071,0.143814457
6225at155619,62,8,155,19,14,57,1.637931034,-0.637931034,0.169613931
6304at155619,40,22,79,27,5,12,1.403773585,-0.403773585,0.60717234
6327at155619,227,65,171,67,22,44,2.453781513,-1.453781513,0.000994857
6366at155619,139,14,196,56,9,53,3.575396825,-2.575396825,0.000278618
6573at155619,189,69,158,39,32,35,1.432423858,-0.432423858,0.188647686
6611at155619,153,74,103,38,17,33,3.125156446,-2.125156446,0.000349849
6614at155619,47,15,38,11,3,11,4.639455782,-3.639455782,0.021558401
6686at155619,156,26,97,23,19,35,2.793859649,-1.793859649,0.00091857
6755at155619,126,115,84,67,0,0,NA,NA,1
6797at155619,33,34,66,31,5,11,1.519587629,-0.519587629,0.595612728
6824at155619,71,7,87,29,10,25,1.681034483,-0.681034483,0.257312406
6864at155619,104,19,108,15,11,21,1.909090909,-0.909090909,0.131675242
6912at155619,81,21,118,41,11,28,1.632933105,-0.632933105,0.218016743
6913at155619,159,93,60,32,42,32,2.086956522,-1.086956522,0.007329201
7047at155619,66,19,124,63,8,18,1.022727273,-0.022727273,1
7091at155619,56,14,256,86,7,17,0.497076023,0.502923977,0.16325369
7106at155619,19,13,197,58,4,21,0.658823529,0.341176471,0.509301167
7139at155619,63,27,97,50,24,16,0.408163265,0.591836735,0.014213806
7228at155619,197,48,66,32,22,7,0.795454545,0.204545455,0.674250804
7243at155619,98,31,89,31,36,22,0.656944444,0.343055556,0.188532443
7252at155619,241,68,155,43,38,36,1.4784689,-0.4784689,0.128425881
7256at155619,68,9,120,37,4,15,1.839171975,-0.839171975,0.443122859
7313at155619,124,122,62,25,13,5,1.087533156,-0.087533156,1
7381at155619,108,49,97,78,3,4,1.196190476,-0.196190476,1
7422at155619,160,25,79,19,21,21,1.887755102,-0.887755102,0.060219476
7455at155619,39,11,144,44,3,28,2.482269504,-1.482269504,0.156862765
7552at155619,195,56,142,34,33,42,1.815082645,-0.815082645,0.022568376
7581at155619,75,20,118,50,8,24,1.696428571,-0.696428571,0.243520864
7582at155619,175,42,201,48,38,35,0.802684422,0.197315578,0.449619341
7618at155619,206,58,219,65,46,52,1.050826699,-0.050826699,0.827303602
7622at155619,37,15,79,20,8,16,1.050505051,-0.050505051,1
7777at155619,97,127,217,75,26,50,1.475237092,-0.475237092,0.137269815
7789at155619,85,35,134,37,9,10,0.779727096,0.220272904,0.63626615
779at155619,322,115,260,135,34,49,1.594415488,-0.594415488,0.050195736
7879at155619,108,19,152,34,16,38,1.621639785,-0.621639785,0.134211811
7880at155619,106,52,168,102,19,18,0.554385965,0.445614035,0.111073373
7957at155619,70,27,111,61,29,26,0.505613472,0.494386528,0.023363184
7969at155619,110,20,122,26,15,20,1.171171171,-0.171171171,0.721220545
7984at155619,103,41,137,85,9,34,2.45045045,-1.45045045,0.019471295
806at155619,378,53,144,18,88,29,0.876753648,0.123246352,0.648488406
8144at155619,168,46,184,70,16,12,0.631889764,0.368110236,0.249133956
8178at155619,65,37,80,42,7,12,1.433255269,-0.433255269,0.631968256
8209at155619,56,6,122,10,12,33,1.291666667,-0.291666667,0.592309278
8232at155619,76,18,54,10,18,9,0.734375,0.265625,0.529518838
8271at155619,103,40,148,60,6,23,2.635416667,-1.635416667,0.046197029
8332at155619,78,459,46,88,2,3,6.01119403,-5.01119403,0.059293865
8372at155619,87,15,109,21,9,25,2.179487179,-1.179487179,0.062977456
8389at155619,194,32,86,25,13,15,2.349272349,-1.349272349,0.037374667
8421at155619,58,21,139,25,15,31,0.995528455,0.004471545,1
8482at155619,41,12,130,31,11,38,1.137210615,-0.137210615,0.854206948
8495at155619,55,11,82,10,19,37,1.397025172,-0.397025172,0.342423095
8516at155619,198,68,160,64,22,17,0.917613636,0.082386364,0.86810398
8546at155619,119,20,109,20,13,31,2.56946929,-1.56946929,0.00866089
8555at155619,155,52,200,101,14,34,1.670147129,-0.670147129,0.125463614
8557at155619,167,68,146,61,2,12,6.811594203,-5.811594203,0.005067866
8560at155619,115,43,87,25,26,24,1.302197802,-0.302197802,0.437366863
8571at155619,163,24,123,14,24,33,1.876824818,-0.876824818,0.030992546
8572at155619,474,435,57,51,3,1,2.805555556,-1.805555556,0.363833765
8575at155619,54,10,123,53,10,31,1.127272727,-0.127272727,0.849434725
8584at155619,84,18,142,41,15,35,1.300546448,-0.300546448,0.520606002
8759at155619,100,24,109,25,21,35,1.542288557,-0.542288557,0.183382847
8811at155619,40,14,91,29,21,36,0.771428571,0.228571429,0.419915916
8846at155619,15,5,91,61,1,38,5,-4,0.135020567
8909at155619,79,11,122,23,4,22,3.413793103,-2.413793103,0.029451995
8956at155619,66,20,197,64,8,16,0.659003831,0.340996169,0.340282137
8984at155619,132,105,139,47,22,39,2.258797654,-1.258797654,0.003876822
8993at155619,165,115,147,56,5,32,8.827586207,-7.827586207,1.31E-07
9002at155619,36,11,148,56,11,32,0.670231729,0.329768271,0.303107927
9059at155619,72,8,131,46,7,22,1.420500404,-0.420500404,0.526786101
9121at155619,148,27,87,44,20,24,1.603053435,-0.603053435,0.148160664
9152at155619,53,23,67,33,15,11,0.557333333,0.442666667,0.206085678
9295at155619,212,94,120,91,15,13,1.256872038,-0.256872038,0.560512058
9324at155619,141,20,178,28,49,47,0.749653259,0.250346741,0.249512919
9328at155619,86,41,164,92,6,12,0.9921875,0.0078125,1
9329at155619,14,3,185,71,0,15,Inf,NA,1
932at155619,204,76,215,80,36,53,1.397363465,-0.397363465,0.17115148
9472at155619,185,57,156,46,29,35,1.445885968,-0.445885968,0.181774075
9473at155619,93,28,144,56,40,51,0.771375,0.228625,0.330238547
9489at155619,162,65,87,54,15,9,0.965957447,0.034042553,1
9509at155619,71,4,161,19,10,49,2.041666667,-1.041666667,0.052994775
9531at155619,57,12,119,45,7,18,1.081881533,-0.081881533,1
953at155619,34,7,242,56,8,54,0.928691275,0.071308725,0.834099477
9540at155619,173,44,162,35,33,41,1.368558683,-0.368558683,0.255863252
9572at155619,89,33,79,42,12,15,1.260330579,-0.260330579,0.685863635
9645at155619,243,58,162,41,35,26,1.101477833,-0.101477833,0.782829317
9678at155619,170,43,145,42,40,54,1.537700535,-0.537700535,0.067126585
9691at155619,68,16,115,33,9,21,1.324324324,-0.324324324,0.549998434
9769at155619,113,42,60,20,12,11,1.776041667,-0.776041667,0.25210718
9787at155619,143,73,153,75,18,19,1,0,1
9802at155619,27,10,185,71,3,23,1.108072917,-0.108072917,1
9835at155619,658,48,71,17,4,4,8.022727273,-7.022727273,0.007915007
996at155619,307,87,261,99,38,46,1.324853801,-0.324853801,0.250141189
9981at155619,26,4,136,16,5,22,0.868421053,0.131578947,0.784286357
aHD1,66,65,9,9,0,0,NA,NA,1
aHD2,97,67,15,15,0,0,NA,NA,1
bfg,35,17,39,21,11,0,0,1,0.000621954
bHD1,152,143,8,8,0,0,NA,NA,1
bHD2,94,74,10,10,0,0,NA,NA,1
DML1,255,94,109,41,14,7,1.163333333,-0.163333333,0.809074965
GLGEN,571,224,181,90,19,10,1.543989124,-0.543989124,0.28318501
MIP1,314,150,225,161,1,4,4.808290155,-3.808290155,0.183869615
PAK,45,17,233,96,6,27,0.848024316,0.151975684,0.804198258
RIC1,57,29,8,2,15,3,1.72,-0.72,0.42916801
RSM19,16,3,34,9,0,10,Inf,NA,0.053586195
SNF2,451,193,143,72,0,0,NA,NA,1
STE3.1,156,135,47,43,13,0,0,1,0.045715197
STE3.2,204,199,52,48,0,0,NA,NA,1
STE3.3,54,24,108,54,10,8,0.385185185,0.614814815,0.068559729
STE3.4,179,168,54,53,0,0,NA,NA,1
