Gene,Species,value
10018at155619,T. abietinum,-2.061192699
10018at155619,T. fuscoviolaceum,0.526015417
1005at155619,T. fuscoviolaceum,-0.963569103
1005at155619,T. abietinum,-0.373833901
10077at155619,T. fuscoviolaceum,1.09711995
10077at155619,T. abietinum,-0.483121446
10122at155619,T. fuscoviolaceum,-1.223265173
10122at155619,T. abietinum,-1.275553901
10134at155619,T. abietinum,-0.756785588
10134at155619,T. fuscoviolaceum,0.972999194
10175at155619,T. fuscoviolaceum,-0.159280815
10175at155619,T. abietinum,-1.586487681
10211at155619,T. fuscoviolaceum,0.478801346
10211at155619,T. abietinum,-1.618733667
10230at155619,T. fuscoviolaceum,0.148454119
10230at155619,T. abietinum,-1.69478164
10240at155619,T. fuscoviolaceum,-1.648179914
10240at155619,T. abietinum,-1.165937888
10296at155619,T. fuscoviolaceum,0.245282764
10296at155619,T. abietinum,-0.689122505
10301at155619,T. fuscoviolaceum,0.566181951
10301at155619,T. abietinum,-1.60768768
10302at155619,T. fuscoviolaceum,0.194451079
10302at155619,T. abietinum,-0.628874777
10320at155619,T. fuscoviolaceum,0.293172491
10320at155619,T. abietinum,-1.559250423
10378at155619,T. abietinum,-1.296067104
10378at155619,T. fuscoviolaceum,-0.88785359
10414at155619,T. fuscoviolaceum,0.970646645
10414at155619,T. abietinum,-1.632792054
10420at155619,T. fuscoviolaceum,-0.51432733
10420at155619,T. abietinum,-1.23168725
10438at155619,T. fuscoviolaceum,0.333842736
10438at155619,T. abietinum,-1.379712235
1049at155619,T. abietinum,-1.75503419
1049at155619,T. fuscoviolaceum,-0.20942852
10532at155619,T. fuscoviolaceum,-1.204280573
10532at155619,T. abietinum,-0.10962232
10537at155619,T. fuscoviolaceum,0.216440099
10537at155619,T. abietinum,-1.077859693
10602at155619,T. fuscoviolaceum,-1.159983241
10602at155619,T. abietinum,-0.944321351
1061at155619,T. fuscoviolaceum,0.242713899
1061at155619,T. abietinum,-0.175053776
10649at155619,T. fuscoviolaceum,1.064283421
10649at155619,T. abietinum,-0.992408704
10702at155619,T. fuscoviolaceum,-0.411942687
10702at155619,T. abietinum,-1.859989627
10713at155619,T. fuscoviolaceum,-0.023892188
10713at155619,T. abietinum,-0.420442017
10763at155619,T. fuscoviolaceum,-0.292568356
10763at155619,T. abietinum,-0.724882464
10774at155619,T. abietinum,-1.372233214
10774at155619,T. fuscoviolaceum,0.976021844
10775at155619,T. fuscoviolaceum,1.820468699
10775at155619,T. abietinum,-0.923213639
1079at155619,T. fuscoviolaceum,0.630282176
1079at155619,T. abietinum,-1.661622593
10812at155619,T. fuscoviolaceum,0.981689807
10812at155619,T. abietinum,-0.807202759
10825at155619,T. abietinum,-0.972901636
10825at155619,T. fuscoviolaceum,1.267095167
10854at155619,T. fuscoviolaceum,-0.014890217
10854at155619,T. abietinum,-0.995921502
10938at155619,T. abietinum,-1.440931857
10938at155619,T. fuscoviolaceum,0.028317138
11011at155619,T. abietinum,-0.927904151
11011at155619,T. fuscoviolaceum,-0.09403847
1103at155619,T. abietinum,-1.325531125
1103at155619,T. fuscoviolaceum,1.143479673
11046at155619,T. fuscoviolaceum,-0.082147587
11046at155619,T. abietinum,-0.892849089
11055at155619,T. abietinum,-1.610838444
11055at155619,T. fuscoviolaceum,0.124200247
11065at155619,T. abietinum,-1.148033922
11065at155619,T. fuscoviolaceum,-1.360558028
11074at155619,T. abietinum,-1.309301773
11074at155619,T. fuscoviolaceum,-0.827107802
11077at155619,T. fuscoviolaceum,0.082921927
11077at155619,T. abietinum,-0.709088595
11156at155619,T. abietinum,-0.449479352
11156at155619,T. fuscoviolaceum,1.302105252
11213at155619,T. fuscoviolaceum,1.176124672
11213at155619,T. abietinum,-0.813617933
11217at155619,T. fuscoviolaceum,-0.18741158
11217at155619,T. abietinum,-1.235464414
11278at155619,T. fuscoviolaceum,-1.270105443
11278at155619,T. abietinum,-1.025766462
11310at155619,T. abietinum,-0.852546805
11310at155619,T. fuscoviolaceum,-0.315135384
11313at155619,T. fuscoviolaceum,-1.222157279
11313at155619,T. abietinum,-1.115916197
11314at155619,T. fuscoviolaceum,-0.541673356
11314at155619,T. abietinum,-0.774193048
11428at155619,T. fuscoviolaceum,1.061472368
11428at155619,T. abietinum,-1.407575174
11480at155619,T. fuscoviolaceum,-0.291295002
11480at155619,T. abietinum,-1.303222865
11483at155619,T. fuscoviolaceum,0.463674991
11483at155619,T. abietinum,-0.637719154
11586at155619,T. fuscoviolaceum,0.668077502
11586at155619,T. abietinum,-1.504858637
11687at155619,T. fuscoviolaceum,0.735286194
11687at155619,T. abietinum,-0.902761514
11715at155619,T. fuscoviolaceum,1.209634192
11715at155619,T. abietinum,-1.060584047
11780at155619,T. abietinum,-0.807688232
11780at155619,T. fuscoviolaceum,-1.533027089
11823at155619,T. fuscoviolaceum,0.804187092
11823at155619,T. abietinum,-0.95380748
11828at155619,T. fuscoviolaceum,1.131365629
11828at155619,T. abietinum,-1.160143659
11877at155619,T. fuscoviolaceum,0.358682092
11877at155619,T. abietinum,-0.666964237
11939at155619,T. abietinum,-0.590034165
11939at155619,T. fuscoviolaceum,1.064385635
12021at155619,T. fuscoviolaceum,0.658593298
12021at155619,T. abietinum,-1.163850193
12091at155619,T. fuscoviolaceum,0.968324303
12091at155619,T. abietinum,-2.284920037
12094at155619,T. fuscoviolaceum,-1.507758011
12094at155619,T. abietinum,-1.051205031
12097at155619,T. fuscoviolaceum,-0.023534837
12097at155619,T. abietinum,-0.989476634
12154at155619,T. fuscoviolaceum,0.092258477
12154at155619,T. abietinum,-1.119541722
12163at155619,T. fuscoviolaceum,1.255904556
12163at155619,T. abietinum,-1.612191871
12197at155619,T. fuscoviolaceum,0.044845822
12197at155619,T. abietinum,-1.135433078
12216at155619,T. fuscoviolaceum,-0.790490908
12216at155619,T. abietinum,0.117411127
12343at155619,T. abietinum,-0.621822143
12343at155619,T. fuscoviolaceum,0.235848237
12351at155619,T. fuscoviolaceum,-0.052037926
12351at155619,T. abietinum,-0.318201254
12387at155619,T. fuscoviolaceum,-1.751962971
12387at155619,T. abietinum,-1.005084885
12408at155619,T. fuscoviolaceum,0.743711441
12408at155619,T. abietinum,-0.713989019
1249at155619,T. abietinum,-0.998800909
1249at155619,T. fuscoviolaceum,0.112719275
1255at155619,T. fuscoviolaceum,-1.276080584
1255at155619,T. abietinum,-0.497400234
12623at155619,T. fuscoviolaceum,0.507387522
12623at155619,T. abietinum,-1.17654842
12689at155619,T. abietinum,-1.638285217
12689at155619,T. fuscoviolaceum,-0.190393306
12798at155619,T. abietinum,-1.160094522
12798at155619,T. fuscoviolaceum,1.547342154
12864at155619,T. fuscoviolaceum,1.20958182
12864at155619,T. abietinum,-1.261471586
12911at155619,T. fuscoviolaceum,0.77137288
12911at155619,T. abietinum,-1.157943576
12931at155619,T. abietinum,-0.640367659
12931at155619,T. fuscoviolaceum,-0.218252346
12939at155619,T. abietinum,-0.887215296
12939at155619,T. fuscoviolaceum,1.066475063
12945at155619,T. fuscoviolaceum,-0.639589617
12945at155619,T. abietinum,-1.746775417
13042at155619,T. fuscoviolaceum,0.650994443
13042at155619,T. abietinum,-1.161803055
13132at155619,T. abietinum,-1.098541523
13132at155619,T. fuscoviolaceum,0.822120036
13366at155619,T. abietinum,0.1511555
13366at155619,T. fuscoviolaceum,0.766383373
13371at155619,T. abietinum,-0.795659112
13371at155619,T. fuscoviolaceum,-0.261642149
1345at155619,T. abietinum,-0.551235446
1345at155619,T. fuscoviolaceum,-0.634828825
13478at155619,T. fuscoviolaceum,0.306190172
13478at155619,T. abietinum,-1.070847746
13631at155619,T. abietinum,-1.136537793
13631at155619,T. fuscoviolaceum,-1.553804839
13672at155619,T. abietinum,-1.557440318
13672at155619,T. fuscoviolaceum,-0.075040329
13699at155619,T. abietinum,-0.725863266
13699at155619,T. fuscoviolaceum,0.264927799
13736at155619,T. fuscoviolaceum,-0.829816864
13736at155619,T. abietinum,-1.876001386
13786at155619,T. abietinum,-1.658297361
13786at155619,T. fuscoviolaceum,0.201874871
13831at155619,T. abietinum,-0.992300226
13831at155619,T. fuscoviolaceum,-0.760564206
13949at155619,T. abietinum,-1.008622703
13949at155619,T. fuscoviolaceum,1.216730873
13952at155619,T. fuscoviolaceum,0.836292236
13952at155619,T. abietinum,-1.030669274
1396at155619,T. abietinum,-1.569557465
1396at155619,T. fuscoviolaceum,0.351534026
13989at155619,T. abietinum,-1.087848086
13989at155619,T. fuscoviolaceum,-0.178944745
14031at155619,T. abietinum,-1.617668875
14031at155619,T. fuscoviolaceum,0.515346883
14154at155619,T. abietinum,-0.442402895
14154at155619,T. fuscoviolaceum,1.962651529
14168at155619,T. fuscoviolaceum,0.720897745
14168at155619,T. abietinum,-0.770758849
14216at155619,T. abietinum,-2.873451916
14216at155619,T. fuscoviolaceum,-0.572227482
14280at155619,T. abietinum,-1.215357222
14280at155619,T. fuscoviolaceum,-0.409123031
1432at155619,T. abietinum,-0.63334763
1432at155619,T. fuscoviolaceum,1.89374108
14344at155619,T. fuscoviolaceum,-1.019648825
14344at155619,T. abietinum,-1.253365771
14376at155619,T. abietinum,-0.477255666
14376at155619,T. fuscoviolaceum,-0.564320315
14379at155619,T. abietinum,-1.402506696
14379at155619,T. fuscoviolaceum,2.694593803
14586at155619,T. abietinum,-0.795669212
14586at155619,T. fuscoviolaceum,-0.759852512
14628at155619,T. fuscoviolaceum,-0.766079227
14628at155619,T. abietinum,-1.190207978
14664at155619,T. abietinum,-1.717630792
14664at155619,T. fuscoviolaceum,-0.366119105
14732at155619,T. abietinum,-0.977723934
14732at155619,T. fuscoviolaceum,-1.749364038
14863at155619,T. abietinum,-1.255219832
14863at155619,T. fuscoviolaceum,-0.968721816
14884at155619,T. abietinum,-1.297550153
14884at155619,T. fuscoviolaceum,0.373032036
15198at155619,T. fuscoviolaceum,-0.356561168
15198at155619,T. abietinum,-0.594989992
1520at155619,T. fuscoviolaceum,0.271306039
1520at155619,T. abietinum,-1.546370325
15242at155619,T. abietinum,-1.068359595
15242at155619,T. fuscoviolaceum,-0.99806978
15275at155619,T. abietinum,-1.05537119
15275at155619,T. fuscoviolaceum,-0.273848683
15287at155619,T. fuscoviolaceum,0.022801598
15287at155619,T. abietinum,-1.072069767
152at155619,T. fuscoviolaceum,1.616245335
152at155619,T. abietinum,-0.928677061
15315at155619,T. abietinum,-0.9747895
15315at155619,T. fuscoviolaceum,0.039198033
15341at155619,T. abietinum,-1.056173758
15341at155619,T. fuscoviolaceum,-0.488314301
15424at155619,T. fuscoviolaceum,0.438303218
15424at155619,T. abietinum,-1.234508936
15611at155619,T. fuscoviolaceum,-0.437591653
15611at155619,T. abietinum,-1.397718132
15628at155619,T. abietinum,-1.137939273
15628at155619,T. fuscoviolaceum,0.230085354
15704at155619,T. fuscoviolaceum,-1.004579925
15704at155619,T. abietinum,-1.21471263
15732at155619,T. fuscoviolaceum,1.889819213
15732at155619,T. abietinum,-1.701386487
15762at155619,T. fuscoviolaceum,-0.210329262
15762at155619,T. abietinum,-1.625979108
15791at155619,T. abietinum,-1.283105009
15791at155619,T. fuscoviolaceum,0.176153568
15795at155619,T. fuscoviolaceum,1.249001543
15795at155619,T. abietinum,-1.275719504
1581at155619,T. fuscoviolaceum,-1.18728383
1581at155619,T. abietinum,-1.081895564
1586at155619,T. fuscoviolaceum,1.352983105
1586at155619,T. abietinum,-1.474214805
15886at155619,T. fuscoviolaceum,0.038496485
15886at155619,T. abietinum,-1.256147533
1588at155619,T. fuscoviolaceum,-0.031378592
1588at155619,T. abietinum,-1.056301388
15997at155619,T. fuscoviolaceum,-1.325232803
15997at155619,T. abietinum,-1.42173427
16013at155619,T. fuscoviolaceum,0.195310816
16013at155619,T. abietinum,-0.949981894
16038at155619,T. fuscoviolaceum,0.781388683
16038at155619,T. abietinum,-1.791643916
16068at155619,T. abietinum,-0.227877933
16068at155619,T. fuscoviolaceum,-0.045325077
16171at155619,T. fuscoviolaceum,-0.326403347
16171at155619,T. abietinum,-0.676620026
16231at155619,T. fuscoviolaceum,-0.809417292
16231at155619,T. abietinum,-0.59476948
16251at155619,T. fuscoviolaceum,0.136305356
16251at155619,T. abietinum,-1.564115291
16297at155619,T. abietinum,-2.138009494
16297at155619,T. fuscoviolaceum,0.526504027
16301at155619,T. fuscoviolaceum,1.147967304
16301at155619,T. abietinum,-1.441756857
16347at155619,T. fuscoviolaceum,-0.528100791
16347at155619,T. abietinum,-1.343643691
16425at155619,T. fuscoviolaceum,-0.486633296
16425at155619,T. abietinum,-1.271316702
16542at155619,T. fuscoviolaceum,0.884633736
16542at155619,T. abietinum,-0.952597305
16558at155619,T. fuscoviolaceum,0.452400156
16558at155619,T. abietinum,-1.141865282
16610at155619,T. fuscoviolaceum,-0.711556926
16610at155619,T. abietinum,-1.376849662
16649at155619,T. fuscoviolaceum,-1.159645334
16649at155619,T. abietinum,-1.648096354
16659at155619,T. fuscoviolaceum,0.327382175
16659at155619,T. abietinum,-0.709963879
16677at155619,T. abietinum,-1.234777814
16677at155619,T. fuscoviolaceum,0.099766914
16686at155619,T. fuscoviolaceum,0.286487096
16686at155619,T. abietinum,-1.844602561
16707at155619,T. fuscoviolaceum,0.636231004
16707at155619,T. abietinum,0.084072373
16808at155619,T. fuscoviolaceum,-0.557727754
16808at155619,T. abietinum,-0.916497243
16881at155619,T. abietinum,-1.612447597
16881at155619,T. fuscoviolaceum,1.765901257
16913at155619,T. fuscoviolaceum,0.006274374
16913at155619,T. abietinum,-1.33700816
17036at155619,T. abietinum,-1.413452049
17036at155619,T. fuscoviolaceum,1.13233996
17087at155619,T. abietinum,-1.152080031
17087at155619,T. fuscoviolaceum,0.831739445
17119at155619,T. abietinum,-1.04386879
17119at155619,T. fuscoviolaceum,0.203659061
17120at155619,T. fuscoviolaceum,0.697745814
17120at155619,T. abietinum,-1.291936081
17226at155619,T. abietinum,-0.939003838
17226at155619,T. fuscoviolaceum,-1.32015013
17242at155619,T. abietinum,-1.793382781
17242at155619,T. fuscoviolaceum,0.934582696
17260at155619,T. abietinum,-1.457205412
17260at155619,T. fuscoviolaceum,-1.136823717
17280at155619,T. fuscoviolaceum,0.158647228
17280at155619,T. abietinum,-1.167539932
17306at155619,T. abietinum,-1.15110424
17306at155619,T. fuscoviolaceum,0.048822208
17316at155619,T. fuscoviolaceum,-0.943144359
17316at155619,T. abietinum,-1.154022762
17392at155619,T. fuscoviolaceum,1.39626846
17392at155619,T. abietinum,-0.858836182
17441at155619,T. fuscoviolaceum,-0.616600325
17441at155619,T. abietinum,-1.73674584
17529at155619,T. abietinum,-0.761324134
17529at155619,T. fuscoviolaceum,0.308668309
17563at155619,T. fuscoviolaceum,-1.653503318
17563at155619,T. abietinum,-1.506966769
17612at155619,T. fuscoviolaceum,-0.599564712
17612at155619,T. abietinum,-0.817754403
17669at155619,T. fuscoviolaceum,-0.285310692
17669at155619,T. abietinum,-0.834438305
17860at155619,T. fuscoviolaceum,-1.351328399
17860at155619,T. abietinum,-1.164415231
17887at155619,T. fuscoviolaceum,0.417021905
17887at155619,T. abietinum,-0.930899443
17927at155619,T. fuscoviolaceum,-0.460807149
17927at155619,T. abietinum,-1.39997125
17956at155619,T. fuscoviolaceum,0.595169097
17956at155619,T. abietinum,-0.513571052
17991at155619,T. fuscoviolaceum,0.533232927
17991at155619,T. abietinum,-0.876010383
18034at155619,T. abietinum,-0.373369732
18034at155619,T. fuscoviolaceum,0.169920745
1804at155619,T. fuscoviolaceum,0.212476481
1804at155619,T. abietinum,-0.500212763
18096at155619,T. fuscoviolaceum,-0.790168358
18096at155619,T. abietinum,-1.208118814
18154at155619,T. fuscoviolaceum,-0.654129191
18154at155619,T. abietinum,-1.141146602
18163at155619,T. abietinum,1.204126634
18163at155619,T. fuscoviolaceum,0.079278143
18204at155619,T. fuscoviolaceum,-1.780371644
18204at155619,T. abietinum,-2.57306003
18206at155619,T. fuscoviolaceum,0.634594189
18206at155619,T. abietinum,-0.195685074
18296at155619,T. fuscoviolaceum,-0.847171935
18296at155619,T. abietinum,-1.208157878
18323at155619,T. fuscoviolaceum,-0.504804345
18323at155619,T. abietinum,-0.967007476
18326at155619,T. fuscoviolaceum,-0.082699092
18326at155619,T. abietinum,-2.571215764
18428at155619,T. fuscoviolaceum,2.505701086
18428at155619,T. abietinum,-1.170991623
18432at155619,T. fuscoviolaceum,1.133854437
18432at155619,T. abietinum,-1.027811641
18478at155619,T. fuscoviolaceum,1.010354857
18478at155619,T. abietinum,-1.050683253
18515at155619,T. abietinum,-1.033890127
18515at155619,T. fuscoviolaceum,-1.312455814
18581at155619,T. fuscoviolaceum,1.845111712
18581at155619,T. abietinum,-1.073937024
18620at155619,T. fuscoviolaceum,-0.174675242
18620at155619,T. abietinum,-1.031056999
18677at155619,T. fuscoviolaceum,-0.418100106
18677at155619,T. abietinum,-1.466946476
18697at155619,T. abietinum,-0.830358144
18697at155619,T. fuscoviolaceum,0.989792231
18708at155619,T. fuscoviolaceum,0.767077164
18708at155619,T. abietinum,-1.509021852
18711at155619,T. fuscoviolaceum,0.340527022
18711at155619,T. abietinum,-1.561503747
18712at155619,T. abietinum,-0.821169044
18712at155619,T. fuscoviolaceum,-1.28291426
18802at155619,T. abietinum,-1.642318713
18802at155619,T. fuscoviolaceum,0.17356886
18804at155619,T. fuscoviolaceum,-0.458337764
18804at155619,T. abietinum,-2.305094545
18839at155619,T. fuscoviolaceum,0.266443302
18839at155619,T. abietinum,-1.201490097
18862at155619,T. abietinum,-1.467192941
18862at155619,T. fuscoviolaceum,-0.465053804
18907at155619,T. abietinum,-1.077229552
18907at155619,T. fuscoviolaceum,0.214997861
18999at155619,T. fuscoviolaceum,-0.130548315
18999at155619,T. abietinum,-1.10283127
19019at155619,T. fuscoviolaceum,1.111547477
19019at155619,T. abietinum,-1.438609085
19052at155619,T. abietinum,-1.895778323
19052at155619,T. fuscoviolaceum,1.23692064
19103at155619,T. abietinum,-1.494531524
19103at155619,T. fuscoviolaceum,0.745541392
19204at155619,T. abietinum,-1.803435015
19204at155619,T. fuscoviolaceum,-0.503819962
19416at155619,T. abietinum,-0.858565242
19416at155619,T. fuscoviolaceum,0.563335469
19432at155619,T. fuscoviolaceum,-0.433363111
19432at155619,T. abietinum,-1.526285188
1943at155619,T. abietinum,-1.523423648
1943at155619,T. fuscoviolaceum,0.251947058
19590at155619,T. abietinum,-1.901258636
19590at155619,T. fuscoviolaceum,-0.065282164
19671at155619,T. abietinum,-1.166855245
19671at155619,T. fuscoviolaceum,1.256160563
19727at155619,T. fuscoviolaceum,1.192349986
19727at155619,T. abietinum,-0.855299855
19846at155619,T. abietinum,-1.149859138
19846at155619,T. fuscoviolaceum,0.235620413
19853at155619,T. abietinum,-0.817189439
19853at155619,T. fuscoviolaceum,-0.181391604
19867at155619,T. abietinum,-1.070607526
19867at155619,T. fuscoviolaceum,0.769800064
19966at155619,T. fuscoviolaceum,-0.573061829
19966at155619,T. abietinum,-1.000569236
20073at155619,T. abietinum,-0.891567433
20073at155619,T. fuscoviolaceum,-0.184586905
20158at155619,T. abietinum,-0.677450821
20158at155619,T. fuscoviolaceum,-1.620511716
2016at155619,T. abietinum,-1.406045652
2016at155619,T. fuscoviolaceum,-0.498515287
20170at155619,T. abietinum,-1.695197268
20170at155619,T. fuscoviolaceum,-0.384783696
20174at155619,T. fuscoviolaceum,0.097083715
20174at155619,T. abietinum,-1.069518664
20253at155619,T. abietinum,-1.305601035
20253at155619,T. fuscoviolaceum,1.929685735
20342at155619,T. abietinum,-1.652849783
20342at155619,T. fuscoviolaceum,-0.274052417
20353at155619,T. abietinum,-1.492617584
20353at155619,T. fuscoviolaceum,0.27730278
20538at155619,T. fuscoviolaceum,-0.630997698
20538at155619,T. abietinum,-1.280334243
20571at155619,T. abietinum,-0.93527208
20571at155619,T. fuscoviolaceum,-0.221897771
20582at155619,T. abietinum,-1.537205903
20582at155619,T. fuscoviolaceum,0.280517644
20610at155619,T. abietinum,-1.340394234
20610at155619,T. fuscoviolaceum,-0.405755947
20620at155619,T. fuscoviolaceum,0.943897121
20620at155619,T. abietinum,-0.520211844
20627at155619,T. abietinum,-1.361159055
20627at155619,T. fuscoviolaceum,-0.517604359
20684at155619,T. abietinum,-1.650183361
20684at155619,T. fuscoviolaceum,-0.734155022
20721at155619,T. abietinum,-1.478844248
20721at155619,T. fuscoviolaceum,-0.034164938
20729at155619,T. abietinum,-1.013316807
20729at155619,T. fuscoviolaceum,1.25440959
20735at155619,T. fuscoviolaceum,-1.006834071
20735at155619,T. abietinum,-1.186425383
20880at155619,T. fuscoviolaceum,-0.384709095
20880at155619,T. abietinum,-1.154018396
20895at155619,T. abietinum,-0.419807622
20895at155619,T. fuscoviolaceum,-0.986295378
20920at155619,T. abietinum,-1.075419266
20920at155619,T. fuscoviolaceum,0.02091323
20934at155619,T. fuscoviolaceum,0.226327319
20934at155619,T. abietinum,-1.131765921
20939at155619,T. fuscoviolaceum,-1.70972243
20939at155619,T. abietinum,-1.357085335
20979at155619,T. abietinum,-1.133584327
20979at155619,T. fuscoviolaceum,1.216049378
21172at155619,T. abietinum,-1.478114791
21172at155619,T. fuscoviolaceum,-0.38003554
21215at155619,T. fuscoviolaceum,-0.0946383
21215at155619,T. abietinum,-1.543514828
21271at155619,T. fuscoviolaceum,-0.727015611
21271at155619,T. abietinum,-1.392418493
21387at155619,T. abietinum,-0.910320493
21387at155619,T. fuscoviolaceum,-0.60428955
21421at155619,T. fuscoviolaceum,-0.944523752
21421at155619,T. abietinum,-1.515456043
2144at155619,T. fuscoviolaceum,0.60334406
2144at155619,T. abietinum,-0.64774448
21555at155619,T. fuscoviolaceum,-1.219973139
21555at155619,T. abietinum,-1.250462155
21584at155619,T. abietinum,-1.429310986
21584at155619,T. fuscoviolaceum,1.739064535
21599at155619,T. fuscoviolaceum,0.012440326
21599at155619,T. abietinum,0.379168461
21624at155619,T. fuscoviolaceum,0.282959972
21624at155619,T. abietinum,-0.893359017
21628at155619,T. fuscoviolaceum,-0.74190342
21628at155619,T. abietinum,-1.084467444
21744at155619,T. fuscoviolaceum,0.526550436
21744at155619,T. abietinum,-1.239937882
21872at155619,T. fuscoviolaceum,1.354960062
21872at155619,T. abietinum,-1.59478504
21902at155619,T. fuscoviolaceum,-0.796858206
21902at155619,T. abietinum,-1.174517811
21918at155619,T. fuscoviolaceum,-0.653558644
21918at155619,T. abietinum,-1.4445305
22216at155619,T. fuscoviolaceum,0.150537533
22216at155619,T. abietinum,-1.229344851
22222at155619,T. abietinum,-1.523404276
22222at155619,T. fuscoviolaceum,-1.644328701
22238at155619,T. fuscoviolaceum,-0.349927675
22238at155619,T. abietinum,-0.970305465
2225at155619,T. fuscoviolaceum,0.274439362
2225at155619,T. abietinum,-1.634915297
22270at155619,T. fuscoviolaceum,-0.340089371
22270at155619,T. abietinum,-0.649517995
22292at155619,T. abietinum,-0.941716907
22292at155619,T. fuscoviolaceum,1.090551594
22414at155619,T. fuscoviolaceum,-0.158451131
22414at155619,T. abietinum,-1.578538693
2246at155619,T. fuscoviolaceum,1.388309597
2246at155619,T. abietinum,-1.500664556
2249at155619,T. fuscoviolaceum,0.03625141
2249at155619,T. abietinum,-1.016989367
22654at155619,T. fuscoviolaceum,-0.081779796
22654at155619,T. abietinum,-1.039586114
22702at155619,T. fuscoviolaceum,0.614328908
22702at155619,T. abietinum,-0.970862324
22906at155619,T. fuscoviolaceum,0.192257893
22906at155619,T. abietinum,-0.839360307
22942at155619,T. fuscoviolaceum,-0.619527911
22942at155619,T. abietinum,-0.890017585
22972at155619,T. fuscoviolaceum,-0.036853512
22972at155619,T. abietinum,-1.180477661
23018at155619,T. abietinum,-0.769151485
23018at155619,T. fuscoviolaceum,-0.765324413
23023at155619,T. fuscoviolaceum,0.145860548
23023at155619,T. abietinum,-1.042604881
23141at155619,T. fuscoviolaceum,0.051046563
23141at155619,T. abietinum,-0.663193874
23160at155619,T. fuscoviolaceum,0.263290836
23160at155619,T. abietinum,-1.793121104
23179at155619,T. abietinum,-0.949483895
23179at155619,T. fuscoviolaceum,0.681243384
23180at155619,T. fuscoviolaceum,0.846383906
23180at155619,T. abietinum,-1.482493329
2319at155619,T. abietinum,-0.759600144
2319at155619,T. fuscoviolaceum,0.067403094
23204at155619,T. abietinum,-1.221996675
23204at155619,T. fuscoviolaceum,0.228365839
23216at155619,T. abietinum,-0.665564944
23216at155619,T. fuscoviolaceum,0.868713767
23227at155619,T. fuscoviolaceum,0.43442083
23227at155619,T. abietinum,-0.433247223
23251at155619,T. abietinum,-1.149260441
23251at155619,T. fuscoviolaceum,-0.268670906
23328at155619,T. abietinum,-1.36875507
23328at155619,T. fuscoviolaceum,-1.512461661
23427at155619,T. abietinum,-1.357479996
23427at155619,T. fuscoviolaceum,0.422543779
23468at155619,T. fuscoviolaceum,-0.338320193
23468at155619,T. abietinum,-0.0849052
23530at155619,T. abietinum,-1.255624024
23530at155619,T. fuscoviolaceum,-1.967760597
23613at155619,T. fuscoviolaceum,0.416438023
23613at155619,T. abietinum,-0.239743098
23746at155619,T. fuscoviolaceum,0.275534011
23746at155619,T. abietinum,-0.465360536
23753at155619,T. fuscoviolaceum,-0.365123157
23753at155619,T. abietinum,-0.459730652
23765at155619,T. abietinum,-1.655356216
23765at155619,T. fuscoviolaceum,0.135444511
23824at155619,T. fuscoviolaceum,1.170928098
23824at155619,T. abietinum,-1.29760419
23837at155619,T. fuscoviolaceum,0.080793563
23837at155619,T. abietinum,-1.064634732
23945at155619,T. fuscoviolaceum,0.131810194
23945at155619,T. abietinum,-1.177672066
23952at155619,T. fuscoviolaceum,0.66326287
23952at155619,T. abietinum,-1.313492049
2408at155619,T. fuscoviolaceum,1.240121485
2408at155619,T. abietinum,-1.199669756
24174at155619,T. fuscoviolaceum,0.309232886
24174at155619,T. abietinum,-1.073545179
24261at155619,T. fuscoviolaceum,-0.665031236
24261at155619,T. abietinum,-0.936316761
2427at155619,T. fuscoviolaceum,-0.177981239
2427at155619,T. abietinum,-1.307625085
24334at155619,T. abietinum,-1.346456065
24334at155619,T. fuscoviolaceum,-0.653866502
24345at155619,T. fuscoviolaceum,0.451999852
24345at155619,T. abietinum,-0.992827804
24374at155619,T. fuscoviolaceum,-0.134604535
24374at155619,T. abietinum,-0.552277407
24440at155619,T. fuscoviolaceum,0.258646642
24440at155619,T. abietinum,-1.246396515
24448at155619,T. abietinum,-1.102443988
24448at155619,T. fuscoviolaceum,-1.5347075
24463at155619,T. fuscoviolaceum,1.181652044
24463at155619,T. abietinum,-0.365090973
24467at155619,T. fuscoviolaceum,-0.817234722
24467at155619,T. abietinum,-0.941828674
24750at155619,T. fuscoviolaceum,-0.931490388
24750at155619,T. abietinum,-0.84761282
24753at155619,T. fuscoviolaceum,0.827789892
24753at155619,T. abietinum,-0.680997342
24909at155619,T. fuscoviolaceum,-0.302760331
24909at155619,T. abietinum,-1.180271411
25014at155619,T. fuscoviolaceum,-2.50507605
25014at155619,T. abietinum,-1.465878787
25035at155619,T. fuscoviolaceum,0.531186481
25035at155619,T. abietinum,-1.121134997
25044at155619,T. fuscoviolaceum,-2.668763445
25044at155619,T. abietinum,-2.248114782
25069at155619,T. abietinum,-1.085950571
25069at155619,T. fuscoviolaceum,0.206240705
25171at155619,T. fuscoviolaceum,-1.091317972
25171at155619,T. abietinum,-1.489858507
25191at155619,T. fuscoviolaceum,0.367057571
25191at155619,T. abietinum,-1.228909859
25195at155619,T. fuscoviolaceum,0.878564348
25195at155619,T. abietinum,-1.365223469
25214at155619,T. abietinum,-0.918848025
25214at155619,T. fuscoviolaceum,-0.062338982
25342at155619,T. fuscoviolaceum,0.948833949
25342at155619,T. abietinum,-2.018878129
25353at155619,T. fuscoviolaceum,-0.120869563
25353at155619,T. abietinum,-1.409693515
25597at155619,T. fuscoviolaceum,-1.464053002
25597at155619,T. abietinum,-1.240326015
25684at155619,T. abietinum,-1.268799009
25684at155619,T. fuscoviolaceum,-0.568424208
25698at155619,T. fuscoviolaceum,0.116887492
25698at155619,T. abietinum,-1.022917568
25702at155619,T. fuscoviolaceum,-0.796887617
25702at155619,T. abietinum,-1.982986552
25725at155619,T. fuscoviolaceum,0.216854185
25725at155619,T. abietinum,-1.14667965
25743at155619,T. abietinum,-0.659035747
25743at155619,T. fuscoviolaceum,1.231720586
25820at155619,T. fuscoviolaceum,-0.474245358
25820at155619,T. abietinum,-0.553659258
2586at155619,T. fuscoviolaceum,0.191892217
2586at155619,T. abietinum,-0.753278079
25990at155619,T. fuscoviolaceum,0.390756597
25990at155619,T. abietinum,-1.499638099
26059at155619,T. abietinum,-1.933254459
26059at155619,T. fuscoviolaceum,1.074571968
26060at155619,T. abietinum,-1.216305105
26060at155619,T. fuscoviolaceum,0.10799002
26133at155619,T. abietinum,-0.81665172
26133at155619,T. fuscoviolaceum,-0.780190906
26193at155619,T. fuscoviolaceum,-0.600543117
26193at155619,T. abietinum,-1.753970083
26200at155619,T. fuscoviolaceum,2.147744127
26200at155619,T. abietinum,-0.822135886
26343at155619,T. abietinum,-1.577795747
26343at155619,T. fuscoviolaceum,1.069295229
26356at155619,T. abietinum,-1.102176781
26356at155619,T. fuscoviolaceum,-0.218802875
26418at155619,T. fuscoviolaceum,-0.486679438
26418at155619,T. abietinum,-1.228824449
26421at155619,T. fuscoviolaceum,0.942296749
26421at155619,T. abietinum,-0.850491103
26433at155619,T. abietinum,-1.664979105
26433at155619,T. fuscoviolaceum,1.139374137
26434at155619,T. abietinum,-1.140823665
26434at155619,T. fuscoviolaceum,1.076316661
26508at155619,T. fuscoviolaceum,1.992550537
26508at155619,T. abietinum,-1.035029302
26520at155619,T. fuscoviolaceum,0.331624355
26520at155619,T. abietinum,-1.596644608
26587at155619,T. abietinum,-1.575998931
26587at155619,T. fuscoviolaceum,-0.178683125
26642at155619,T. abietinum,-0.341128111
26642at155619,T. fuscoviolaceum,-0.421875618
26817at155619,T. abietinum,-1.060860382
26817at155619,T. fuscoviolaceum,0.257695214
26857at155619,T. fuscoviolaceum,-0.487099045
26857at155619,T. abietinum,-1.272711568
26864at155619,T. fuscoviolaceum,-0.335425353
26864at155619,T. abietinum,-0.380749012
26869at155619,T. abietinum,-0.375177526
26869at155619,T. fuscoviolaceum,0.9771037
26953at155619,T. abietinum,-1.071772898
26953at155619,T. fuscoviolaceum,0.679576768
269at155619,T. fuscoviolaceum,0.825620058
269at155619,T. abietinum,-1.404436135
27086at155619,T. fuscoviolaceum,0.6208487
27086at155619,T. abietinum,-1.682464373
27157at155619,T. abietinum,-1.029128477
27157at155619,T. fuscoviolaceum,1.078713698
27179at155619,T. abietinum,-0.650678719
27179at155619,T. fuscoviolaceum,-0.292060846
27207at155619,T. fuscoviolaceum,-1.275675646
27207at155619,T. abietinum,-1.592874666
2721at155619,T. fuscoviolaceum,0.775786873
2721at155619,T. abietinum,-1.100224229
27255at155619,T. abietinum,-1.247982019
27255at155619,T. fuscoviolaceum,1.438961127
2726at155619,T. abietinum,-1.246536261
2726at155619,T. fuscoviolaceum,0.396066095
27292at155619,T. abietinum,-1.664782329
27292at155619,T. fuscoviolaceum,-0.217549111
27296at155619,T. fuscoviolaceum,2.390567337
27296at155619,T. abietinum,-0.867566144
27377at155619,T. fuscoviolaceum,-0.003052138
27377at155619,T. abietinum,-2.254109498
27455at155619,T. fuscoviolaceum,0.106751667
27455at155619,T. abietinum,-0.607199298
27528at155619,T. abietinum,-0.844472794
27528at155619,T. fuscoviolaceum,-0.148782117
27636at155619,T. fuscoviolaceum,0.624324863
27636at155619,T. abietinum,-0.35567288
27748at155619,T. fuscoviolaceum,-0.95500974
27748at155619,T. abietinum,-1.421879937
27831at155619,T. fuscoviolaceum,0.628393979
27831at155619,T. abietinum,-1.317176145
27834at155619,T. abietinum,-0.500552849
27834at155619,T. fuscoviolaceum,-1.18897467
2790at155619,T. fuscoviolaceum,-0.344570376
2790at155619,T. abietinum,-2.302041933
27942at155619,T. fuscoviolaceum,-0.577665123
27942at155619,T. abietinum,-1.394014161
27973at155619,T. fuscoviolaceum,1.092510135
27973at155619,T. abietinum,-1.665002999
27988at155619,T. abietinum,-1.016463431
27988at155619,T. fuscoviolaceum,0.36481092
28001at155619,T. fuscoviolaceum,-1.5282738
28001at155619,T. abietinum,-1.470543452
28006at155619,T. fuscoviolaceum,0.14493883
28006at155619,T. abietinum,-0.868944141
28157at155619,T. fuscoviolaceum,-0.223881168
28157at155619,T. abietinum,-1.628000755
28285at155619,T. abietinum,-0.576873451
28285at155619,T. fuscoviolaceum,-0.678042201
28295at155619,T. fuscoviolaceum,-0.742575188
28295at155619,T. abietinum,-1.471959248
28302at155619,T. fuscoviolaceum,-0.061488528
28302at155619,T. abietinum,-0.473378719
28314at155619,T. fuscoviolaceum,-0.781102815
28314at155619,T. abietinum,-1.458826359
2832at155619,T. fuscoviolaceum,0.284203773
2832at155619,T. abietinum,-1.861012135
28338at155619,T. fuscoviolaceum,0.413497239
28338at155619,T. abietinum,-1.663720398
28387at155619,T. fuscoviolaceum,-1.892665503
28387at155619,T. abietinum,-0.635244085
28417at155619,T. fuscoviolaceum,0.023554704
28417at155619,T. abietinum,-2.231783148
28424at155619,T. fuscoviolaceum,-0.112517154
28424at155619,T. abietinum,-1.591059476
28476at155619,T. abietinum,-1.398553682
28476at155619,T. fuscoviolaceum,-0.010088953
28492at155619,T. fuscoviolaceum,-2.900048023
28492at155619,T. abietinum,-2.298276646
28496at155619,T. fuscoviolaceum,0.853519331
28496at155619,T. abietinum,-1.188159189
28533at155619,T. fuscoviolaceum,1.576799957
28533at155619,T. abietinum,-1.468693493
28627at155619,T. abietinum,-2.525206327
28627at155619,T. fuscoviolaceum,1.082447856
28757at155619,T. fuscoviolaceum,1.204374219
28757at155619,T. abietinum,-0.673514545
2878at155619,T. fuscoviolaceum,0.022271111
2878at155619,T. abietinum,-2.308465066
28811at155619,T. fuscoviolaceum,-0.558972552
28811at155619,T. abietinum,-2.549551757
28859at155619,T. fuscoviolaceum,0.113337337
28859at155619,T. abietinum,-0.948717909
29014at155619,T. fuscoviolaceum,-1.10225806
29014at155619,T. abietinum,-1.045792893
29103at155619,T. fuscoviolaceum,-0.445242714
29103at155619,T. abietinum,-0.553715594
29153at155619,T. fuscoviolaceum,-0.380701664
29153at155619,T. abietinum,-1.160903482
29157at155619,T. fuscoviolaceum,-0.967831794
29157at155619,T. abietinum,-0.545606729
29242at155619,T. abietinum,-0.956435809
29242at155619,T. fuscoviolaceum,-0.304490814
29269at155619,T. fuscoviolaceum,-0.915499955
29269at155619,T. abietinum,-1.949625195
29309at155619,T. fuscoviolaceum,0.354878331
29309at155619,T. abietinum,-1.268545089
29326at155619,T. fuscoviolaceum,0.081560335
29326at155619,T. abietinum,-1.539867427
2939at155619,T. abietinum,-1.449254981
2939at155619,T. fuscoviolaceum,0.842714619
29427at155619,T. fuscoviolaceum,0.695437888
29427at155619,T. abietinum,-1.464922022
29435at155619,T. abietinum,-1.478638719
29435at155619,T. fuscoviolaceum,-0.516198828
29504at155619,T. abietinum,-1.066665029
29504at155619,T. fuscoviolaceum,-0.606183143
29537at155619,T. abietinum,-0.331545766
29537at155619,T. fuscoviolaceum,0.247034361
29568at155619,T. fuscoviolaceum,-1.004433318
29568at155619,T. abietinum,-1.104462456
29577at155619,T. abietinum,-1.114627059
29577at155619,T. fuscoviolaceum,0.640994966
29588at155619,T. abietinum,-0.770960263
29588at155619,T. fuscoviolaceum,0.08442964
29601at155619,T. abietinum,-1.463089838
29601at155619,T. fuscoviolaceum,-0.633743065
29616at155619,T. fuscoviolaceum,-1.92824087
29616at155619,T. abietinum,-1.69979904
29621at155619,T. abietinum,-1.615078313
29621at155619,T. fuscoviolaceum,-1.340021698
29637at155619,T. fuscoviolaceum,0.636123302
29637at155619,T. abietinum,-1.229365474
29713at155619,T. fuscoviolaceum,0.583725137
29713at155619,T. abietinum,-0.629451493
29729at155619,T. fuscoviolaceum,-0.103086477
29729at155619,T. abietinum,-1.123531263
29735at155619,T. abietinum,-1.116186595
29735at155619,T. fuscoviolaceum,0.351939989
29797at155619,T. fuscoviolaceum,-0.10438663
29797at155619,T. abietinum,-1.870464275
29830at155619,T. fuscoviolaceum,-1.54633223
29830at155619,T. abietinum,-1.741830822
29840at155619,T. fuscoviolaceum,0.180077793
29840at155619,T. abietinum,-1.191706644
29859at155619,T. fuscoviolaceum,-0.880810466
29859at155619,T. abietinum,-1.545107579
29865at155619,T. fuscoviolaceum,-0.971087316
29865at155619,T. abietinum,-1.338038998
2990at155619,T. fuscoviolaceum,1.148709193
2990at155619,T. abietinum,-1.270069652
29925at155619,T. fuscoviolaceum,0.824329484
29925at155619,T. abietinum,-1.384658983
29932at155619,T. fuscoviolaceum,-0.526807485
29932at155619,T. abietinum,-1.158751158
29953at155619,T. abietinum,-1.666389543
29953at155619,T. fuscoviolaceum,-0.413750928
29959at155619,T. fuscoviolaceum,-1.033948376
29959at155619,T. abietinum,-0.211952037
29986at155619,T. fuscoviolaceum,-0.295383482
29986at155619,T. abietinum,-1.047143541
30023at155619,T. fuscoviolaceum,-1.738184658
30023at155619,T. abietinum,-0.982307931
30175at155619,T. abietinum,-1.439300708
30175at155619,T. fuscoviolaceum,0.880735187
30297at155619,T. fuscoviolaceum,-0.235745356
30297at155619,T. abietinum,-0.730439724
30320at155619,T. fuscoviolaceum,-0.672274979
30320at155619,T. abietinum,-1.341807254
3035at155619,T. fuscoviolaceum,0.381268662
3035at155619,T. abietinum,-1.174196072
30382at155619,T. fuscoviolaceum,2.045528105
30382at155619,T. abietinum,-0.543217002
30395at155619,T. fuscoviolaceum,0.557917194
30395at155619,T. abietinum,-1.223303661
30499at155619,T. fuscoviolaceum,-0.737854756
30499at155619,T. abietinum,-1.925735524
30558at155619,T. fuscoviolaceum,-0.258819074
30558at155619,T. abietinum,-0.568866732
3061at155619,T. fuscoviolaceum,1.634496378
3061at155619,T. abietinum,-1.111539318
30624at155619,T. abietinum,-1.321383478
30624at155619,T. fuscoviolaceum,1.091451379
30657at155619,T. fuscoviolaceum,-2.093389879
30657at155619,T. abietinum,-1.206328714
30660at155619,T. fuscoviolaceum,0.033289156
30660at155619,T. abietinum,-1.248095156
30678at155619,T. fuscoviolaceum,-2.143357944
30678at155619,T. abietinum,-1.34181871
30690at155619,T. abietinum,-1.618856911
30690at155619,T. fuscoviolaceum,0.699297265
30694at155619,T. fuscoviolaceum,-0.177744825
30694at155619,T. abietinum,-0.639368103
3075at155619,T. fuscoviolaceum,0.199611152
3075at155619,T. abietinum,-0.926866446
307at155619,T. abietinum,-0.563209676
307at155619,T. fuscoviolaceum,-0.747370131
30830at155619,T. abietinum,-1.497069647
30830at155619,T. fuscoviolaceum,1.027970599
30873at155619,T. fuscoviolaceum,0.708006322
30873at155619,T. abietinum,-0.792326875
30917at155619,T. fuscoviolaceum,-1.145947804
30917at155619,T. abietinum,-0.762156665
30934at155619,T. abietinum,-1.311308506
30934at155619,T. fuscoviolaceum,0.677038537
30942at155619,T. abietinum,-1.225052399
30942at155619,T. fuscoviolaceum,-0.70238581
31020at155619,T. fuscoviolaceum,-0.35756955
31020at155619,T. abietinum,-1.233214154
31022at155619,T. fuscoviolaceum,-0.357737629
31022at155619,T. abietinum,-0.642847095
31025at155619,T. abietinum,-1.219537015
31025at155619,T. fuscoviolaceum,-0.119560684
31106at155619,T. abietinum,-0.514613517
31106at155619,T. fuscoviolaceum,0.040774384
31123at155619,T. abietinum,-1.340646692
31123at155619,T. fuscoviolaceum,0.480256569
31128at155619,T. abietinum,-1.51021742
31128at155619,T. fuscoviolaceum,0.986085058
31152at155619,T. fuscoviolaceum,-0.744182636
31152at155619,T. abietinum,-1.789681159
31224at155619,T. abietinum,-1.748111298
31224at155619,T. fuscoviolaceum,0.227583394
31236at155619,T. abietinum,-0.50261935
31236at155619,T. fuscoviolaceum,1.434945933
31365at155619,T. abietinum,-1.338098361
31365at155619,T. fuscoviolaceum,-0.197871355
31488at155619,T. fuscoviolaceum,0.041498877
31488at155619,T. abietinum,-1.528971193
31509at155619,T. abietinum,-1.1760782
31509at155619,T. fuscoviolaceum,-0.4338587
31601at155619,T. abietinum,-0.818779983
31601at155619,T. fuscoviolaceum,2.023933784
3165at155619,T. abietinum,-1.346664808
3165at155619,T. fuscoviolaceum,-1.059620895
31726at155619,T. fuscoviolaceum,1.050501708
31726at155619,T. abietinum,-1.620362074
31832at155619,T. abietinum,-0.681510899
31832at155619,T. fuscoviolaceum,-0.648788037
31859at155619,T. abietinum,-1.321364557
31859at155619,T. fuscoviolaceum,-1.011900119
31957at155619,T. abietinum,-0.560580568
31957at155619,T. fuscoviolaceum,-1.152689883
31988at155619,T. abietinum,-2.37184275
31988at155619,T. fuscoviolaceum,-1.398929423
32080at155619,T. fuscoviolaceum,-0.394925617
32080at155619,T. abietinum,-1.504263798
32132at155619,T. abietinum,-0.535865056
32132at155619,T. fuscoviolaceum,0.060334152
32135at155619,T. abietinum,-0.618100764
32135at155619,T. fuscoviolaceum,0.283251143
32142at155619,T. abietinum,-1.399802496
32142at155619,T. fuscoviolaceum,0.370856696
32159at155619,T. fuscoviolaceum,-0.676636346
32159at155619,T. abietinum,-0.827967243
32268at155619,T. abietinum,-1.152327841
32268at155619,T. fuscoviolaceum,0.925898641
32382at155619,T. abietinum,-1.073372275
32382at155619,T. fuscoviolaceum,1.148073198
32394at155619,T. abietinum,-1.376454763
32394at155619,T. fuscoviolaceum,-0.439694891
32506at155619,T. fuscoviolaceum,1.786551257
32506at155619,T. abietinum,-0.972160233
32530at155619,T. abietinum,-0.952069805
32530at155619,T. fuscoviolaceum,0.092049532
3256at155619,T. abietinum,0.083897643
3256at155619,T. fuscoviolaceum,0.232777042
32599at155619,T. abietinum,-1.512611078
32599at155619,T. fuscoviolaceum,-1.953974873
32675at155619,T. abietinum,-2.763305269
32675at155619,T. fuscoviolaceum,-0.436734829
32692at155619,T. fuscoviolaceum,0.793175916
32692at155619,T. abietinum,-1.674442951
32709at155619,T. fuscoviolaceum,-0.70473457
32709at155619,T. abietinum,-1.418751951
32712at155619,T. abietinum,-0.771338589
32712at155619,T. fuscoviolaceum,0.487081482
32733at155619,T. abietinum,-1.413363173
32733at155619,T. fuscoviolaceum,0.527508378
32754at155619,T. fuscoviolaceum,-1.584311215
32754at155619,T. abietinum,-2.135566259
32763at155619,T. fuscoviolaceum,1.212306958
32763at155619,T. abietinum,-1.929758344
32766at155619,T. abietinum,-1.497390936
32766at155619,T. fuscoviolaceum,0.875108138
32785at155619,T. abietinum,-1.680139029
32785at155619,T. fuscoviolaceum,0.332692108
32812at155619,T. fuscoviolaceum,0.756119901
32812at155619,T. abietinum,-0.291098986
32823at155619,T. fuscoviolaceum,-0.167283961
32823at155619,T. abietinum,-2.078540832
32871at155619,T. abietinum,-1.462495465
32871at155619,T. fuscoviolaceum,-0.403460451
32876at155619,T. fuscoviolaceum,0.501122173
32876at155619,T. abietinum,-1.117766554
32880at155619,T. fuscoviolaceum,0.268858373
32880at155619,T. abietinum,-0.907834467
32886at155619,T. fuscoviolaceum,1.034631761
32886at155619,T. abietinum,-0.581364328
32888at155619,T. abietinum,-1.457013704
32888at155619,T. fuscoviolaceum,-0.515961286
32898at155619,T. fuscoviolaceum,-1.184326983
32898at155619,T. abietinum,-1.409138546
32927at155619,T. fuscoviolaceum,0.351591397
32927at155619,T. abietinum,1.368061143
32937at155619,T. fuscoviolaceum,-0.659443025
32937at155619,T. abietinum,-0.819006582
32941at155619,T. fuscoviolaceum,-0.477776777
32941at155619,T. abietinum,-0.180417957
32942at155619,T. fuscoviolaceum,-1.427420476
32942at155619,T. abietinum,-1.587926745
32965at155619,T. fuscoviolaceum,0.419091212
32965at155619,T. abietinum,-0.810505361
32984at155619,T. fuscoviolaceum,1.515902872
32984at155619,T. abietinum,0.132628396
32987at155619,T. fuscoviolaceum,0.289214602
32987at155619,T. abietinum,-0.533941744
32999at155619,T. abietinum,-0.865561949
32999at155619,T. fuscoviolaceum,-0.081600077
33109at155619,T. fuscoviolaceum,-1.48844937
33109at155619,T. abietinum,-1.402459796
33116at155619,T. fuscoviolaceum,-0.570461563
33116at155619,T. abietinum,-1.596780029
33133at155619,T. fuscoviolaceum,-2.260430562
33133at155619,T. abietinum,-1.188300099
33207at155619,T. abietinum,-0.754113251
33207at155619,T. fuscoviolaceum,-0.74100173
33213at155619,T. fuscoviolaceum,0.143420922
33213at155619,T. abietinum,-0.96466346
33318at155619,T. fuscoviolaceum,-0.271685744
33318at155619,T. abietinum,-1.199039926
33418at155619,T. fuscoviolaceum,-0.472005993
33418at155619,T. abietinum,-1.466982914
33422at155619,T. fuscoviolaceum,-1.696475703
33422at155619,T. abietinum,-1.680343708
33477at155619,T. fuscoviolaceum,-0.306177765
33477at155619,T. abietinum,-1.377113466
33505at155619,T. fuscoviolaceum,-0.897839152
33505at155619,T. abietinum,-1.392701024
3377at155619,T. fuscoviolaceum,-1.452813948
3377at155619,T. abietinum,-1.595912648
33819at155619,T. fuscoviolaceum,-0.581372994
33819at155619,T. abietinum,-0.790779324
33853at155619,T. abietinum,-1.415629926
33853at155619,T. fuscoviolaceum,-1.614897213
33859at155619,T. fuscoviolaceum,0.439434429
33859at155619,T. abietinum,-0.998848294
3385at155619,T. fuscoviolaceum,-0.483324939
3385at155619,T. abietinum,-1.331371405
33864at155619,T. fuscoviolaceum,-0.105265439
33864at155619,T. abietinum,-1.423779552
33877at155619,T. abietinum,-1.519054392
33877at155619,T. fuscoviolaceum,1.102719667
33889at155619,T. fuscoviolaceum,0.332838211
33889at155619,T. abietinum,-1.486053153
33906at155619,T. abietinum,-1.404097748
33906at155619,T. fuscoviolaceum,0.131486688
33917at155619,T. abietinum,-1.369282821
33917at155619,T. fuscoviolaceum,-0.143079323
3393at155619,T. abietinum,-1.006918801
3393at155619,T. fuscoviolaceum,0.055717003
33947at155619,T. fuscoviolaceum,0.776074832
33947at155619,T. abietinum,-0.458344583
34015at155619,T. abietinum,-1.51789518
34015at155619,T. fuscoviolaceum,-0.673752536
34030at155619,T. abietinum,-1.79453225
34030at155619,T. fuscoviolaceum,-1.173485921
34051at155619,T. abietinum,-0.778416694
34051at155619,T. fuscoviolaceum,1.255121872
34134at155619,T. fuscoviolaceum,1.040681601
34134at155619,T. abietinum,-1.151295562
34155at155619,T. abietinum,-0.808706331
34155at155619,T. fuscoviolaceum,-0.07386289
34173at155619,T. fuscoviolaceum,0.549843168
34173at155619,T. abietinum,-1.207529253
34204at155619,T. fuscoviolaceum,-0.435673221
34204at155619,T. abietinum,-1.333891369
34253at155619,T. fuscoviolaceum,1.176036508
34253at155619,T. abietinum,-1.200833189
34264at155619,T. abietinum,-1.081543315
34264at155619,T. fuscoviolaceum,-0.963490117
34342at155619,T. fuscoviolaceum,0.749326343
34342at155619,T. abietinum,-1.368120387
34351at155619,T. fuscoviolaceum,0.162587308
34351at155619,T. abietinum,-0.657629294
34371at155619,T. fuscoviolaceum,0.286446272
34371at155619,T. abietinum,-0.901251356
34399at155619,T. fuscoviolaceum,0.003393598
34399at155619,T. abietinum,-1.742697226
34400at155619,T. fuscoviolaceum,0.336896961
34400at155619,T. abietinum,-1.38917894
34444at155619,T. fuscoviolaceum,-0.3697891
34444at155619,T. abietinum,-0.372719004
34526at155619,T. fuscoviolaceum,-0.306824364
34526at155619,T. abietinum,0.099722541
34561at155619,T. fuscoviolaceum,-0.155594924
34561at155619,T. abietinum,-0.933513165
3456at155619,T. abietinum,-1.250675892
3456at155619,T. fuscoviolaceum,1.830607673
34570at155619,T. fuscoviolaceum,-0.444391589
34570at155619,T. abietinum,-1.441092076
34607at155619,T. fuscoviolaceum,1.480540556
34607at155619,T. abietinum,-1.172407792
34643at155619,T. fuscoviolaceum,-0.118392498
34643at155619,T. abietinum,-1.308174225
34662at155619,T. abietinum,-0.915430631
34662at155619,T. fuscoviolaceum,1.618941932
34688at155619,T. fuscoviolaceum,0.620306212
34688at155619,T. abietinum,-0.173012535
34784at155619,T. fuscoviolaceum,-0.675637917
34784at155619,T. abietinum,-1.408607186
34812at155619,T. fuscoviolaceum,1.050575821
34812at155619,T. abietinum,-0.932452069
34819at155619,T. fuscoviolaceum,-0.954014798
34819at155619,T. abietinum,-1.698094408
34826at155619,T. fuscoviolaceum,0.809996786
34826at155619,T. abietinum,-1.035602
34836at155619,T. fuscoviolaceum,0.057923179
34836at155619,T. abietinum,-1.736160198
34987at155619,T. fuscoviolaceum,-0.357961776
34987at155619,T. abietinum,-1.220336005
35055at155619,T. fuscoviolaceum,0.350382217
35055at155619,T. abietinum,-0.936992258
35081at155619,T. abietinum,-1.232449911
35081at155619,T. fuscoviolaceum,-0.205291755
35088at155619,T. fuscoviolaceum,-1.230659394
35088at155619,T. abietinum,-1.709447532
35117at155619,T. fuscoviolaceum,0.960016901
35117at155619,T. abietinum,-1.744788889
35127at155619,T. fuscoviolaceum,-0.881434804
35127at155619,T. abietinum,-0.641362248
35162at155619,T. abietinum,-0.963414768
35162at155619,T. fuscoviolaceum,1.102928141
35193at155619,T. fuscoviolaceum,1.566615472
35193at155619,T. abietinum,-1.172467052
35253at155619,T. fuscoviolaceum,-0.374529215
35253at155619,T. abietinum,-0.721767652
35349at155619,T. abietinum,-0.4985126
35349at155619,T. fuscoviolaceum,-1.330390654
35361at155619,T. abietinum,-0.33508461
35361at155619,T. fuscoviolaceum,-0.365080221
35381at155619,T. fuscoviolaceum,-1.557753843
35381at155619,T. abietinum,-1.237246553
35464at155619,T. fuscoviolaceum,0.790935011
35464at155619,T. abietinum,-1.120729634
35479at155619,T. abietinum,-1.435829132
35479at155619,T. fuscoviolaceum,-0.099559737
35539at155619,T. abietinum,-1.531901496
35539at155619,T. fuscoviolaceum,-0.156775194
35573at155619,T. fuscoviolaceum,0.037588843
35573at155619,T. abietinum,-1.799153994
35579at155619,T. fuscoviolaceum,-0.304952673
35579at155619,T. abietinum,-0.803993456
3559at155619,T. abietinum,-0.705640409
3559at155619,T. fuscoviolaceum,0.128548657
35618at155619,T. abietinum,-0.700976391
35618at155619,T. fuscoviolaceum,-1.012472116
35642at155619,T. abietinum,-1.160192782
35642at155619,T. fuscoviolaceum,-0.64380748
35646at155619,T. abietinum,-1.079151167
35646at155619,T. fuscoviolaceum,1.402234783
3564at155619,T. fuscoviolaceum,0.488266568
3564at155619,T. abietinum,-1.673634991
3565at155619,T. abietinum,-1.733045609
3565at155619,T. fuscoviolaceum,0.03006139
35668at155619,T. abietinum,-1.086636941
35668at155619,T. fuscoviolaceum,-1.120473616
35696at155619,T. abietinum,-1.308908663
35696at155619,T. fuscoviolaceum,0.641743692
35715at155619,T. fuscoviolaceum,0.835129372
35715at155619,T. abietinum,-0.252374535
35717at155619,T. abietinum,-1.155022685
35717at155619,T. fuscoviolaceum,0.67538376
35719at155619,T. abietinum,-0.244150616
35719at155619,T. fuscoviolaceum,1.087614644
3579at155619,T. abietinum,-1.285904612
3579at155619,T. fuscoviolaceum,0.359117784
35825at155619,T. fuscoviolaceum,0.116144556
35825at155619,T. abietinum,-0.769751749
35887at155619,T. abietinum,-0.838909765
35887at155619,T. fuscoviolaceum,0.914622995
35889at155619,T. abietinum,-1.024298313
35889at155619,T. fuscoviolaceum,-0.486058782
35949at155619,T. abietinum,0.300399239
35949at155619,T. fuscoviolaceum,-0.835206505
36025at155619,T. abietinum,-1.222404426
36025at155619,T. fuscoviolaceum,0.694446303
36034at155619,T. fuscoviolaceum,0.913322258
36034at155619,T. abietinum,-1.193666067
36071at155619,T. abietinum,-0.785434725
36071at155619,T. fuscoviolaceum,-0.075200647
3609at155619,T. abietinum,-1.137900503
3609at155619,T. fuscoviolaceum,0.498970763
36145at155619,T. abietinum,-1.441061657
36145at155619,T. fuscoviolaceum,-1.363685956
36161at155619,T. fuscoviolaceum,-0.380789426
36161at155619,T. abietinum,-1.639878669
36178at155619,T. abietinum,-0.989964887
36178at155619,T. fuscoviolaceum,-1.277843379
36209at155619,T. abietinum,-1.494920746
36209at155619,T. fuscoviolaceum,-2.510935994
36266at155619,T. abietinum,-1.337462291
36266at155619,T. fuscoviolaceum,1.196251989
36269at155619,T. fuscoviolaceum,-0.87569701
36269at155619,T. abietinum,-1.216547052
36276at155619,T. abietinum,-0.112257447
36276at155619,T. fuscoviolaceum,-1.080633545
36292at155619,T. abietinum,-1.281064919
36292at155619,T. fuscoviolaceum,-0.886664408
3631at155619,T. abietinum,-1.522340718
3631at155619,T. fuscoviolaceum,-0.347905388
36432at155619,T. abietinum,-1.34684128
36432at155619,T. fuscoviolaceum,0.869534465
36446at155619,T. fuscoviolaceum,0.987761746
36446at155619,T. abietinum,-0.957791887
36463at155619,T. fuscoviolaceum,-0.340968981
36463at155619,T. abietinum,-1.168701989
36547at155619,T. abietinum,-1.225625042
36547at155619,T. fuscoviolaceum,-0.491067496
36559at155619,T. abietinum,-1.467095577
36559at155619,T. fuscoviolaceum,-1.083767652
3656at155619,T. fuscoviolaceum,0.245886502
3656at155619,T. abietinum,-1.652811845
36575at155619,T. fuscoviolaceum,0.302194986
36575at155619,T. abietinum,-1.585282087
36713at155619,T. abietinum,-1.724215607
36713at155619,T. fuscoviolaceum,0.679823965
36724at155619,T. abietinum,-1.136522059
36724at155619,T. fuscoviolaceum,0.747311248
36817at155619,T. fuscoviolaceum,-0.248475805
36817at155619,T. abietinum,-1.312515272
3682at155619,T. fuscoviolaceum,0.82799925
3682at155619,T. abietinum,-0.59752548
36857at155619,T. abietinum,-0.960251306
36857at155619,T. fuscoviolaceum,-0.333842898
36883at155619,T. fuscoviolaceum,-0.513782713
36883at155619,T. abietinum,-0.661897277
36937at155619,T. fuscoviolaceum,-1.454505055
36937at155619,T. abietinum,-0.745596027
3697at155619,T. fuscoviolaceum,-0.102287275
3697at155619,T. abietinum,-0.721339254
3716at155619,T. abietinum,-0.750509958
3716at155619,T. fuscoviolaceum,-0.932536077
37173at155619,T. fuscoviolaceum,0.790682196
37173at155619,T. abietinum,-1.313947929
37233at155619,T. fuscoviolaceum,0.39607654
37233at155619,T. abietinum,-1.364255274
37275at155619,T. fuscoviolaceum,-0.373676326
37275at155619,T. abietinum,-0.95956803
37309at155619,T. fuscoviolaceum,0.181900355
37309at155619,T. abietinum,-1.138382378
37328at155619,T. fuscoviolaceum,1.29752027
37328at155619,T. abietinum,-1.526263759
37361at155619,T. fuscoviolaceum,-0.069782088
37361at155619,T. abietinum,-0.005359077
37394at155619,T. fuscoviolaceum,-0.298848395
37394at155619,T. abietinum,-1.255808511
37409at155619,T. fuscoviolaceum,1.145137071
37409at155619,T. abietinum,-0.623366432
37438at155619,T. abietinum,-1.435474443
37438at155619,T. fuscoviolaceum,-0.18047016
37514at155619,T. fuscoviolaceum,0.423908244
37514at155619,T. abietinum,-1.123401373
37559at155619,T. fuscoviolaceum,1.866416566
37559at155619,T. abietinum,-1.559616634
37620at155619,T. fuscoviolaceum,-0.071369235
37620at155619,T. abietinum,-1.265516861
37638at155619,T. abietinum,-1.604557391
37638at155619,T. fuscoviolaceum,-0.876931998
37651at155619,T. fuscoviolaceum,-0.065514316
37651at155619,T. abietinum,-0.965917214
37696at155619,T. fuscoviolaceum,-0.468685524
37696at155619,T. abietinum,-1.325405927
37707at155619,T. fuscoviolaceum,-0.483475968
37707at155619,T. abietinum,-1.489870525
37794at155619,T. fuscoviolaceum,-1.051151315
37794at155619,T. abietinum,-0.949395686
37857at155619,T. fuscoviolaceum,0.021250101
37857at155619,T. abietinum,-1.157156622
37865at155619,T. fuscoviolaceum,1.862699467
37865at155619,T. abietinum,-0.944191034
3790at155619,T. fuscoviolaceum,0.081878848
3790at155619,T. abietinum,-0.372479641
37985at155619,T. fuscoviolaceum,-0.405256486
37985at155619,T. abietinum,-1.030271093
3809at155619,T. abietinum,-0.812302527
3809at155619,T. fuscoviolaceum,0.501765324
38159at155619,T. fuscoviolaceum,0.308127277
38159at155619,T. abietinum,-1.599592732
3821at155619,T. fuscoviolaceum,0.247048573
3821at155619,T. abietinum,-1.526956135
38283at155619,T. fuscoviolaceum,-0.001238997
38283at155619,T. abietinum,-0.743080352
38321at155619,T. abietinum,0.668823573
38321at155619,T. fuscoviolaceum,-0.829328253
38343at155619,T. fuscoviolaceum,-0.067319592
38343at155619,T. abietinum,-0.32045802
3854at155619,T. abietinum,-0.527639401
3854at155619,T. fuscoviolaceum,1.056443189
38647at155619,T. abietinum,-0.836003162
38647at155619,T. fuscoviolaceum,-2.080339898
38660at155619,T. abietinum,-0.862228554
38660at155619,T. fuscoviolaceum,-0.616434088
38699at155619,T. fuscoviolaceum,-0.106098726
38699at155619,T. abietinum,-1.123519921
38709at155619,T. abietinum,-1.496691752
38709at155619,T. fuscoviolaceum,-2.339766978
38718at155619,T. abietinum,-1.356230394
38718at155619,T. fuscoviolaceum,1.281679808
38733at155619,T. abietinum,-1.81079198
38733at155619,T. fuscoviolaceum,-0.00614171
38767at155619,T. fuscoviolaceum,0.619272471
38767at155619,T. abietinum,-0.889354074
38844at155619,T. abietinum,-1.230045881
38844at155619,T. fuscoviolaceum,0.654455843
38893at155619,T. fuscoviolaceum,1.085393143
38893at155619,T. abietinum,-1.529433405
38921at155619,T. fuscoviolaceum,-0.83423389
38921at155619,T. abietinum,-0.283860349
38991at155619,T. fuscoviolaceum,-0.502937944
38991at155619,T. abietinum,-1.254081726
39086at155619,T. abietinum,-1.126593509
39086at155619,T. fuscoviolaceum,-1.018250782
39123at155619,T. fuscoviolaceum,0.431080411
39123at155619,T. abietinum,-0.274616758
39161at155619,T. fuscoviolaceum,-0.098509783
39161at155619,T. abietinum,-1.011932847
3936at155619,T. fuscoviolaceum,0.705343589
3936at155619,T. abietinum,-0.493855983
39435at155619,T. fuscoviolaceum,0.356592946
39435at155619,T. abietinum,-1.678779853
39589at155619,T. fuscoviolaceum,-1.042181462
39589at155619,T. abietinum,-0.684821134
39592at155619,T. fuscoviolaceum,1.530654727
39592at155619,T. abietinum,-1.007748381
39595at155619,T. fuscoviolaceum,-0.660999297
39595at155619,T. abietinum,-1.165012411
39624at155619,T. fuscoviolaceum,0.491382787
39624at155619,T. abietinum,-0.783504152
39637at155619,T. abietinum,-1.316304518
39637at155619,T. fuscoviolaceum,-0.677691035
39764at155619,T. fuscoviolaceum,-1.036020883
39764at155619,T. abietinum,-1.495631161
39832at155619,T. fuscoviolaceum,1.048356709
39832at155619,T. abietinum,-0.657205419
39929at155619,T. fuscoviolaceum,-0.696927343
39929at155619,T. abietinum,-2.503919957
39935at155619,T. abietinum,-0.788433679
39935at155619,T. fuscoviolaceum,1.901750083
39943at155619,T. fuscoviolaceum,0.908574341
39943at155619,T. abietinum,-0.709505871
40001at155619,T. fuscoviolaceum,0.757605674
40001at155619,T. abietinum,-1.235266896
40011at155619,T. fuscoviolaceum,-1.608786471
40011at155619,T. abietinum,-1.677109529
40043at155619,T. fuscoviolaceum,-1.988814417
40043at155619,T. abietinum,-1.153438558
40061at155619,T. fuscoviolaceum,-0.463097388
40061at155619,T. abietinum,-1.221909392
40077at155619,T. fuscoviolaceum,-0.790712827
40077at155619,T. abietinum,-1.154083955
40123at155619,T. fuscoviolaceum,0.32395237
40123at155619,T. abietinum,-1.317460984
40141at155619,T. fuscoviolaceum,-0.618691972
40141at155619,T. abietinum,-1.652509029
40143at155619,T. abietinum,-1.249102462
40143at155619,T. fuscoviolaceum,-0.576032691
40146at155619,T. fuscoviolaceum,0.855466894
40146at155619,T. abietinum,-0.973590709
40173at155619,T. fuscoviolaceum,-1.871605729
40173at155619,T. abietinum,-1.147589073
40178at155619,T. fuscoviolaceum,0.283639857
40178at155619,T. abietinum,-1.173891681
40197at155619,T. abietinum,-1.897840547
40197at155619,T. fuscoviolaceum,0.900493939
40340at155619,T. fuscoviolaceum,-0.415989849
40340at155619,T. abietinum,-0.664179951
40347at155619,T. fuscoviolaceum,0.765055132
40347at155619,T. abietinum,-0.923448205
40423at155619,T. fuscoviolaceum,-1.898146448
40423at155619,T. abietinum,-0.129554699
40443at155619,T. abietinum,-0.774380641
40443at155619,T. fuscoviolaceum,-0.741377294
40469at155619,T. fuscoviolaceum,-1.252145778
40469at155619,T. abietinum,-0.947507214
40485at155619,T. fuscoviolaceum,1.220628977
40485at155619,T. abietinum,-1.085848632
40493at155619,T. fuscoviolaceum,0.448058134
40493at155619,T. abietinum,0.100651495
40671at155619,T. abietinum,-1.097792417
40671at155619,T. fuscoviolaceum,0.654111472
40710at155619,T. fuscoviolaceum,-2.226536745
40710at155619,T. abietinum,-1.174468514
40713at155619,T. fuscoviolaceum,0.152237169
40713at155619,T. abietinum,-1.000624997
40806at155619,T. fuscoviolaceum,0.944255552
40806at155619,T. abietinum,-1.273022877
40807at155619,T. abietinum,-1.148170039
40807at155619,T. fuscoviolaceum,-0.838544106
40839at155619,T. abietinum,-0.120754735
40839at155619,T. fuscoviolaceum,0.205493102
40887at155619,T. abietinum,-0.356451817
40887at155619,T. fuscoviolaceum,2.150625039
40957at155619,T. fuscoviolaceum,1.219106638
40957at155619,T. abietinum,-1.525958049
40974at155619,T. fuscoviolaceum,-0.530231492
40974at155619,T. abietinum,-1.59876131
40985at155619,T. abietinum,-1.257074107
40985at155619,T. fuscoviolaceum,0.236963367
41032at155619,T. abietinum,-0.931376281
41032at155619,T. fuscoviolaceum,-0.642196524
41039at155619,T. fuscoviolaceum,0.908482451
41039at155619,T. abietinum,-1.415923162
41120at155619,T. fuscoviolaceum,0.396230755
41120at155619,T. abietinum,-1.551263314
41154at155619,T. abietinum,-2.011835208
41154at155619,T. fuscoviolaceum,-1.988729869
41218at155619,T. abietinum,-0.196298998
41218at155619,T. fuscoviolaceum,0.275078899
41249at155619,T. fuscoviolaceum,0.502182725
41249at155619,T. abietinum,-0.601731384
41288at155619,T. fuscoviolaceum,-1.484382936
41288at155619,T. abietinum,-1.206746045
41366at155619,T. abietinum,-1.794314743
41366at155619,T. fuscoviolaceum,-0.943039536
41389at155619,T. abietinum,-0.102778178
41389at155619,T. fuscoviolaceum,0.639602022
41417at155619,T. abietinum,-1.413786456
41417at155619,T. fuscoviolaceum,-0.631439257
41439at155619,T. fuscoviolaceum,-0.237846241
41439at155619,T. abietinum,-1.642995092
41475at155619,T. fuscoviolaceum,-0.532653106
41475at155619,T. abietinum,-0.97299983
41487at155619,T. abietinum,-1.667637741
41487at155619,T. fuscoviolaceum,-0.287920684
41500at155619,T. abietinum,-0.976575226
41500at155619,T. fuscoviolaceum,0.582963817
41501at155619,T. fuscoviolaceum,0.349865091
41501at155619,T. abietinum,-2.213893267
41570at155619,T. fuscoviolaceum,0.181328321
41570at155619,T. abietinum,-0.907684948
41711at155619,T. abietinum,-1.295908125
41711at155619,T. fuscoviolaceum,-1.759070471
41737at155619,T. abietinum,-1.029872406
41737at155619,T. fuscoviolaceum,-0.217697448
41740at155619,T. fuscoviolaceum,-0.275333708
41740at155619,T. abietinum,-0.819543926
41755at155619,T. fuscoviolaceum,0.12098483
41755at155619,T. abietinum,-1.080817859
41817at155619,T. abietinum,-1.056180923
41817at155619,T. fuscoviolaceum,1.123108459
41864at155619,T. abietinum,-0.888893349
41864at155619,T. fuscoviolaceum,-1.9379202
41899at155619,T. abietinum,-1.319483544
41899at155619,T. fuscoviolaceum,-0.554311243
41900at155619,T. fuscoviolaceum,0.392654265
41900at155619,T. abietinum,-1.354160687
41943at155619,T. fuscoviolaceum,1.400635834
41943at155619,T. abietinum,-1.763891185
41951at155619,T. fuscoviolaceum,0.920025321
41951at155619,T. abietinum,-0.306301146
41997at155619,T. abietinum,-0.636524276
41997at155619,T. fuscoviolaceum,-0.459044428
42074at155619,T. fuscoviolaceum,0.057352684
42074at155619,T. abietinum,0.596117012
42135at155619,T. fuscoviolaceum,-1.214201007
42135at155619,T. abietinum,-0.348526231
42173at155619,T. fuscoviolaceum,-0.360531479
42173at155619,T. abietinum,-1.588881111
42186at155619,T. abietinum,-1.542595044
42186at155619,T. fuscoviolaceum,1.244405396
42195at155619,T. fuscoviolaceum,-0.144194728
42195at155619,T. abietinum,-1.622968293
42216at155619,T. fuscoviolaceum,0.017392259
42216at155619,T. abietinum,-1.468528177
42319at155619,T. fuscoviolaceum,0.777486863
42319at155619,T. abietinum,-1.686324748
42341at155619,T. abietinum,-1.863338508
42341at155619,T. fuscoviolaceum,-0.622379266
42342at155619,T. fuscoviolaceum,0.562997053
42342at155619,T. abietinum,-1.571533968
42394at155619,T. fuscoviolaceum,-1.22804094
42394at155619,T. abietinum,-1.067583779
42420at155619,T. fuscoviolaceum,-0.399687305
42420at155619,T. abietinum,-2.14033499
42531at155619,T. abietinum,-1.538107817
42531at155619,T. fuscoviolaceum,-0.146536381
42560at155619,T. fuscoviolaceum,-0.093074936
42560at155619,T. abietinum,-0.550635763
42619at155619,T. fuscoviolaceum,-0.939238388
42619at155619,T. abietinum,-0.600983975
42667at155619,T. fuscoviolaceum,-0.879446118
42667at155619,T. abietinum,-1.405506715
42766at155619,T. fuscoviolaceum,0.664927152
42766at155619,T. abietinum,-0.996285586
42942at155619,T. fuscoviolaceum,1.272430362
42942at155619,T. abietinum,-1.290987883
42947at155619,T. fuscoviolaceum,1.077459383
42947at155619,T. abietinum,-1.593821191
4299at155619,T. fuscoviolaceum,0.54100947
4299at155619,T. abietinum,-1.060848571
43064at155619,T. fuscoviolaceum,-0.113268382
43064at155619,T. abietinum,-1.797953162
4314at155619,T. abietinum,-0.610057145
4314at155619,T. fuscoviolaceum,-0.036098403
43259at155619,T. fuscoviolaceum,-0.305105848
43259at155619,T. abietinum,-1.106761088
43300at155619,T. fuscoviolaceum,-2.278906733
43300at155619,T. abietinum,-1.487023604
43307at155619,T. fuscoviolaceum,-0.91419402
43307at155619,T. abietinum,-1.102772671
43311at155619,T. abietinum,-1.234465223
43311at155619,T. fuscoviolaceum,0.563442633
43315at155619,T. fuscoviolaceum,1.234985924
43315at155619,T. abietinum,-0.694160395
43343at155619,T. fuscoviolaceum,0.923366858
43343at155619,T. abietinum,-1.744031849
43357at155619,T. fuscoviolaceum,-0.498914679
43357at155619,T. abietinum,-1.066223455
43378at155619,T. fuscoviolaceum,0.360921123
43378at155619,T. abietinum,-1.206298642
43464at155619,T. fuscoviolaceum,0.995407084
43464at155619,T. abietinum,-2.067016543
43522at155619,T. fuscoviolaceum,-0.573298045
43522at155619,T. abietinum,-0.640833784
43534at155619,T. fuscoviolaceum,-0.314102759
43534at155619,T. abietinum,-1.496569351
43575at155619,T. fuscoviolaceum,-1.300766704
43575at155619,T. abietinum,-1.317751065
43612at155619,T. abietinum,-1.580390973
43612at155619,T. fuscoviolaceum,1.472990351
43669at155619,T. fuscoviolaceum,-1.259502105
43669at155619,T. abietinum,-0.039608271
43671at155619,T. fuscoviolaceum,0.452407247
43671at155619,T. abietinum,-2.000989917
436at155619,T. fuscoviolaceum,1.351269056
436at155619,T. abietinum,-1.011699129
43703at155619,T. abietinum,-1.079409864
43703at155619,T. fuscoviolaceum,1.241467567
43731at155619,T. fuscoviolaceum,1.322901679
43731at155619,T. abietinum,-1.051944716
43801at155619,T. abietinum,-1.219356997
43801at155619,T. fuscoviolaceum,-2.24546622
43847at155619,T. abietinum,-0.061680521
43847at155619,T. fuscoviolaceum,1.080135326
43862at155619,T. abietinum,-1.16948733
43862at155619,T. fuscoviolaceum,-0.451224102
43963at155619,T. fuscoviolaceum,-0.621419389
43963at155619,T. abietinum,-1.651512626
43977at155619,T. abietinum,-0.637756389
43977at155619,T. fuscoviolaceum,0.538368994
44029at155619,T. abietinum,-0.822790162
44029at155619,T. fuscoviolaceum,0.669292857
44067at155619,T. abietinum,-0.439553034
44067at155619,T. fuscoviolaceum,-0.419086381
44137at155619,T. fuscoviolaceum,-0.098905127
44137at155619,T. abietinum,-1.322867385
44240at155619,T. abietinum,-1.045600108
44240at155619,T. fuscoviolaceum,1.048484859
44244at155619,T. fuscoviolaceum,0.25014477
44244at155619,T. abietinum,-0.889835923
44246at155619,T. fuscoviolaceum,1.112965498
44246at155619,T. abietinum,-1.023346624
44285at155619,T. fuscoviolaceum,-0.994226875
44285at155619,T. abietinum,-0.186282588
44398at155619,T. abietinum,-1.016959948
44398at155619,T. fuscoviolaceum,0.302012271
44438at155619,T. fuscoviolaceum,0.089314392
44438at155619,T. abietinum,-1.944323015
44458at155619,T. fuscoviolaceum,0.153650564
44458at155619,T. abietinum,-1.217258162
44520at155619,T. fuscoviolaceum,-0.348369286
44520at155619,T. abietinum,-0.860430696
44682at155619,T. fuscoviolaceum,0.590403733
44682at155619,T. abietinum,-0.898780443
4470at155619,T. fuscoviolaceum,2.267534735
4470at155619,T. abietinum,-0.94055519
44981at155619,T. fuscoviolaceum,0.507889551
44981at155619,T. abietinum,-1.709989638
45018at155619,T. fuscoviolaceum,0.603989311
45018at155619,T. abietinum,-1.553194715
45046at155619,T. fuscoviolaceum,-1.310441387
45046at155619,T. abietinum,-1.37723766
45151at155619,T. abietinum,-1.023605798
45151at155619,T. fuscoviolaceum,0.095812153
45206at155619,T. fuscoviolaceum,0.312357657
45206at155619,T. abietinum,-1.212544946
45224at155619,T. fuscoviolaceum,-1.108811884
45224at155619,T. abietinum,0.898742199
45378at155619,T. fuscoviolaceum,-0.131837517
45378at155619,T. abietinum,-1.726081737
45420at155619,T. abietinum,-1.627066276
45420at155619,T. fuscoviolaceum,0.289112615
45422at155619,T. fuscoviolaceum,-0.184292166
45422at155619,T. abietinum,-1.544960365
45434at155619,T. fuscoviolaceum,-0.303570475
45434at155619,T. abietinum,-1.580468338
45463at155619,T. fuscoviolaceum,0.101678818
45463at155619,T. abietinum,-0.942732855
45484at155619,T. fuscoviolaceum,-0.031861745
45484at155619,T. abietinum,-1.406874327
45515at155619,T. fuscoviolaceum,-0.119912635
45515at155619,T. abietinum,-0.522173879
45561at155619,T. fuscoviolaceum,1.105066387
45561at155619,T. abietinum,-0.36237143
45593at155619,T. fuscoviolaceum,-0.01975902
45593at155619,T. abietinum,-1.597345051
45663at155619,T. fuscoviolaceum,0.042034459
45663at155619,T. abietinum,-1.583073521
45755at155619,T. abietinum,-0.772052463
45755at155619,T. fuscoviolaceum,-0.816154345
4582at155619,T. fuscoviolaceum,0.127307282
4582at155619,T. abietinum,-0.536666388
45835at155619,T. fuscoviolaceum,0.243515688
45835at155619,T. abietinum,-0.942002715
45861at155619,T. fuscoviolaceum,1.061889424
45861at155619,T. abietinum,-1.061495304
45888at155619,T. abietinum,-1.147204224
45888at155619,T. fuscoviolaceum,-2.459108277
45935at155619,T. fuscoviolaceum,0.460422715
45935at155619,T. abietinum,-1.092465068
46026at155619,T. fuscoviolaceum,-2.310223591
46026at155619,T. abietinum,-0.982473566
46048at155619,T. abietinum,-1.004599489
46048at155619,T. fuscoviolaceum,1.171814159
46097at155619,T. abietinum,-2.281758834
46097at155619,T. fuscoviolaceum,0.861806636
46140at155619,T. fuscoviolaceum,0.018732913
46140at155619,T. abietinum,-1.119042249
46149at155619,T. fuscoviolaceum,0.469310081
46149at155619,T. abietinum,-1.589923944
46193at155619,T. abietinum,-1.67575601
46193at155619,T. fuscoviolaceum,-1.392179845
46237at155619,T. abietinum,-1.479276725
46237at155619,T. fuscoviolaceum,-0.540981593
46244at155619,T. fuscoviolaceum,0.441900148
46244at155619,T. abietinum,-1.420617383
46293at155619,T. fuscoviolaceum,1.193658993
46293at155619,T. abietinum,-0.823085844
46389at155619,T. abietinum,-1.74158665
46389at155619,T. fuscoviolaceum,0.594704573
46395at155619,T. abietinum,-1.098718931
46395at155619,T. fuscoviolaceum,-1.997988794
46398at155619,T. abietinum,-0.74039982
46398at155619,T. fuscoviolaceum,1.361856322
4643at155619,T. abietinum,-1.07424476
4643at155619,T. fuscoviolaceum,1.418685208
46483at155619,T. fuscoviolaceum,-1.704767356
46483at155619,T. abietinum,-2.221434815
46561at155619,T. abietinum,-2.065180436
46561at155619,T. fuscoviolaceum,-0.039212999
46562at155619,T. abietinum,-1.057747846
46562at155619,T. fuscoviolaceum,0.871181635
46567at155619,T. abietinum,-1.780329448
46567at155619,T. fuscoviolaceum,-0.836405652
46640at155619,T. fuscoviolaceum,0.046817151
46640at155619,T. abietinum,-1.945062998
46647at155619,T. abietinum,-1.558992363
46647at155619,T. fuscoviolaceum,-0.055571229
46840at155619,T. abietinum,-1.13104817
46840at155619,T. fuscoviolaceum,-0.482442374
46917at155619,T. abietinum,-0.34266128
46917at155619,T. fuscoviolaceum,-1.919993487
46931at155619,T. fuscoviolaceum,-0.09447115
46931at155619,T. abietinum,-1.037162617
46956at155619,T. abietinum,-0.93681415
46956at155619,T. fuscoviolaceum,-1.271446405
46974at155619,T. abietinum,-0.730911361
46974at155619,T. fuscoviolaceum,1.09416491
47025at155619,T. abietinum,-1.336471469
47025at155619,T. fuscoviolaceum,-0.659251002
47044at155619,T. abietinum,-1.52172718
47044at155619,T. fuscoviolaceum,0.040269614
47051at155619,T. fuscoviolaceum,0.925351872
47051at155619,T. abietinum,-1.169827938
47141at155619,T. abietinum,-1.471149663
47141at155619,T. fuscoviolaceum,0.893349787
47176at155619,T. abietinum,-1.247958254
47176at155619,T. fuscoviolaceum,0.793428117
47255at155619,T. abietinum,-1.51827443
47255at155619,T. fuscoviolaceum,-2.108506042
47311at155619,T. fuscoviolaceum,-0.102585918
47311at155619,T. abietinum,-1.195737753
47465at155619,T. abietinum,-1.23129879
47465at155619,T. fuscoviolaceum,0.058115639
47517at155619,T. abietinum,0.204154895
47517at155619,T. fuscoviolaceum,0.497954376
47518at155619,T. abietinum,-0.745792026
47518at155619,T. fuscoviolaceum,-0.146479857
47541at155619,T. fuscoviolaceum,-1.33296951
47541at155619,T. abietinum,-2.165111125
47654at155619,T. abietinum,-0.674272647
47654at155619,T. fuscoviolaceum,-1.760465869
47678at155619,T. abietinum,-1.490829066
47678at155619,T. fuscoviolaceum,0.576481454
47679at155619,T. abietinum,0.055372874
47679at155619,T. fuscoviolaceum,-0.953786966
4768at155619,T. abietinum,-0.203711581
4768at155619,T. fuscoviolaceum,0.769193062
47771at155619,T. fuscoviolaceum,0.534690735
47771at155619,T. abietinum,-2.677084984
47852at155619,T. fuscoviolaceum,-0.327271246
47852at155619,T. abietinum,-1.377457248
47867at155619,T. abietinum,-0.960525269
47867at155619,T. fuscoviolaceum,-0.514275575
47898at155619,T. abietinum,-0.784432302
47898at155619,T. fuscoviolaceum,0.200036941
47955at155619,T. fuscoviolaceum,-1.425513966
47955at155619,T. abietinum,-0.113287153
47959at155619,T. fuscoviolaceum,1.323155743
47959at155619,T. abietinum,-0.725756622
47968at155619,T. abietinum,-0.353227141
47968at155619,T. fuscoviolaceum,1.362594943
48037at155619,T. abietinum,-0.999659767
48037at155619,T. fuscoviolaceum,0.134351469
48112at155619,T. fuscoviolaceum,-0.209571672
48112at155619,T. abietinum,-1.501044061
48145at155619,T. fuscoviolaceum,1.356244038
48145at155619,T. abietinum,-0.711898172
4821at155619,T. abietinum,-0.932564833
4821at155619,T. fuscoviolaceum,-0.320523148
4828at155619,T. fuscoviolaceum,0.690689031
4828at155619,T. abietinum,-0.986094409
48318at155619,T. fuscoviolaceum,1.262132076
48318at155619,T. abietinum,-1.526941108
48322at155619,T. fuscoviolaceum,-0.652078724
48322at155619,T. abietinum,-1.038771372
48400at155619,T. abietinum,-1.603797437
48400at155619,T. fuscoviolaceum,-0.087410771
48592at155619,T. fuscoviolaceum,-0.075673918
48592at155619,T. abietinum,-0.710652155
48618at155619,T. fuscoviolaceum,0.716691226
48618at155619,T. abietinum,-0.696222962
4873at155619,T. fuscoviolaceum,0.526635959
4873at155619,T. abietinum,-1.047330624
4879at155619,T. fuscoviolaceum,-1.257744071
4879at155619,T. abietinum,-1.34670698
4888at155619,T. fuscoviolaceum,-1.261540347
4888at155619,T. abietinum,-1.359501736
48996at155619,T. fuscoviolaceum,1.628618681
48996at155619,T. abietinum,-0.466282026
49069at155619,T. fuscoviolaceum,0.149592988
49069at155619,T. abietinum,-1.636766895
4912at155619,T. fuscoviolaceum,-0.61834719
4912at155619,T. abietinum,-0.525678816
49188at155619,T. abietinum,-0.84419305
49188at155619,T. fuscoviolaceum,-1.186801055
49208at155619,T. fuscoviolaceum,-0.113753242
49208at155619,T. abietinum,-1.437165707
49374at155619,T. fuscoviolaceum,-0.502987087
49374at155619,T. abietinum,-1.084936906
4947at155619,T. fuscoviolaceum,-0.77397939
4947at155619,T. abietinum,-1.069080278
49491at155619,T. abietinum,-1.101512122
49491at155619,T. fuscoviolaceum,0.556389276
49531at155619,T. fuscoviolaceum,-0.101700679
49531at155619,T. abietinum,-2.06427834
49532at155619,T. fuscoviolaceum,-0.770721909
49532at155619,T. abietinum,-0.697151881
49627at155619,T. fuscoviolaceum,-0.323725537
49627at155619,T. abietinum,-0.674058138
49657at155619,T. fuscoviolaceum,0.539131289
49657at155619,T. abietinum,-0.260285936
4965at155619,T. fuscoviolaceum,-0.17476202
4965at155619,T. abietinum,-0.802537597
49778at155619,T. fuscoviolaceum,-2.024783361
49778at155619,T. abietinum,-1.265137145
4978at155619,T. fuscoviolaceum,0.137639341
4978at155619,T. abietinum,-0.741425538
49835at155619,T. fuscoviolaceum,0.780364752
49835at155619,T. abietinum,-1.857440708
49867at155619,T. abietinum,-1.381083013
49867at155619,T. fuscoviolaceum,-0.507160733
4987at155619,T. fuscoviolaceum,-0.27426866
4987at155619,T. abietinum,-0.466906429
49985at155619,T. fuscoviolaceum,-1.715479826
49985at155619,T. abietinum,-0.941067195
50042at155619,T. fuscoviolaceum,-1.996992958
50042at155619,T. abietinum,-1.603801501
50070at155619,T. abietinum,-0.470161621
50070at155619,T. fuscoviolaceum,0.502572131
50101at155619,T. fuscoviolaceum,-0.779023202
50101at155619,T. abietinum,-1.263454685
50196at155619,T. abietinum,-0.555619911
50196at155619,T. fuscoviolaceum,1.165731298
50261at155619,T. abietinum,-1.748005397
50261at155619,T. fuscoviolaceum,-1.298411772
5026at155619,T. abietinum,-1.172050445
5026at155619,T. fuscoviolaceum,0.805975888
50755at155619,T. fuscoviolaceum,-0.290684338
50755at155619,T. abietinum,-0.952400366
50883at155619,T. abietinum,-1.315541049
50883at155619,T. fuscoviolaceum,-0.362811948
50916at155619,T. abietinum,-1.314264224
50916at155619,T. fuscoviolaceum,-1.367419884
50983at155619,T. abietinum,-1.886857861
50983at155619,T. fuscoviolaceum,-1.09080075
50984at155619,T. fuscoviolaceum,-1.200771532
50984at155619,T. abietinum,-0.502087098
51176at155619,T. abietinum,-1.096601162
51176at155619,T. fuscoviolaceum,1.229199057
51205at155619,T. fuscoviolaceum,-0.711802296
51205at155619,T. abietinum,-1.35175259
51378at155619,T. fuscoviolaceum,0.490035727
51378at155619,T. abietinum,-0.351978427
51422at155619,T. fuscoviolaceum,-0.142671508
51422at155619,T. abietinum,-1.74818518
51569at155619,T. abietinum,-1.788950907
51569at155619,T. fuscoviolaceum,-1.553374822
51693at155619,T. fuscoviolaceum,1.176185062
51693at155619,T. abietinum,-1.327559327
52110at155619,T. fuscoviolaceum,0.803396218
52110at155619,T. abietinum,-1.003059247
52145at155619,T. fuscoviolaceum,0.713303923
52145at155619,T. abietinum,-1.016776293
52161at155619,T. fuscoviolaceum,-0.767411762
52161at155619,T. abietinum,-0.945927094
52270at155619,T. fuscoviolaceum,0.44667705
52270at155619,T. abietinum,-0.090035709
52429at155619,T. fuscoviolaceum,-0.577400501
52429at155619,T. abietinum,-1.115129977
52517at155619,T. fuscoviolaceum,-1.261023404
52517at155619,T. abietinum,-0.941601677
52571at155619,T. fuscoviolaceum,-0.191744767
52571at155619,T. abietinum,-2.409472095
5314at155619,T. abietinum,-1.250231094
5314at155619,T. fuscoviolaceum,1.34355248
53240at155619,T. fuscoviolaceum,0.058115639
53240at155619,T. abietinum,-1.060144023
53766at155619,T. fuscoviolaceum,-0.018696851
53766at155619,T. abietinum,-1.502408152
53937at155619,T. fuscoviolaceum,0.70664451
53937at155619,T. abietinum,-1.046754669
5450at155619,T. abietinum,-0.792184688
5450at155619,T. fuscoviolaceum,0.629492179
54891at155619,T. fuscoviolaceum,0.631109359
54891at155619,T. abietinum,-1.191085287
5504at155619,T. fuscoviolaceum,0.36111117
5504at155619,T. abietinum,-0.840261789
55132at155619,T. fuscoviolaceum,-0.789759048
55132at155619,T. abietinum,-0.942077459
5536at155619,T. fuscoviolaceum,0.702775474
5536at155619,T. abietinum,-1.181403816
5621at155619,T. fuscoviolaceum,-0.082905465
5621at155619,T. abietinum,-1.358414491
5643at155619,T. fuscoviolaceum,-0.578136932
5643at155619,T. abietinum,-1.262978479
5675at155619,T. fuscoviolaceum,-0.706893607
5675at155619,T. abietinum,-1.430438358
5752at155619,T. fuscoviolaceum,0.262777753
5752at155619,T. abietinum,-1.389235415
5780at155619,T. abietinum,-0.956619955
5780at155619,T. fuscoviolaceum,-1.396547683
5783at155619,T. fuscoviolaceum,-0.14896661
5783at155619,T. abietinum,-1.987360162
5784at155619,T. fuscoviolaceum,0.486236258
5784at155619,T. abietinum,-0.536045155
5794at155619,T. fuscoviolaceum,-0.83364333
5794at155619,T. abietinum,-0.867147216
5876at155619,T. abietinum,-0.224628313
5876at155619,T. fuscoviolaceum,-1.376570402
5879at155619,T. fuscoviolaceum,0.038951349
5879at155619,T. abietinum,-0.534742947
592at155619,T. fuscoviolaceum,-0.323126406
592at155619,T. abietinum,-0.850613794
5938at155619,T. abietinum,-1.219318544
5938at155619,T. fuscoviolaceum,0.228162164
5959at155619,T. abietinum,-0.513785085
5959at155619,T. fuscoviolaceum,-0.107717121
6016at155619,T. fuscoviolaceum,0.68803793
6016at155619,T. abietinum,-1.699376484
601at155619,T. fuscoviolaceum,0.641277823
601at155619,T. abietinum,-0.477465293
6024at155619,T. abietinum,-1.160342408
6024at155619,T. fuscoviolaceum,-0.780385157
6061at155619,T. abietinum,-1.099882195
6061at155619,T. fuscoviolaceum,-0.359798493
6077at155619,T. fuscoviolaceum,-0.901708287
6077at155619,T. abietinum,-1.265667091
6106at155619,T. fuscoviolaceum,-0.776343768
6106at155619,T. abietinum,-1.568520006
6194at155619,T. abietinum,-2.573786599
6194at155619,T. fuscoviolaceum,-1.1441776
6213at155619,T. abietinum,-0.962061418
6213at155619,T. fuscoviolaceum,0.352950097
6216at155619,T. abietinum,-1.205880228
6216at155619,T. fuscoviolaceum,2.058715993
6225at155619,T. abietinum,-1.093944469
6225at155619,T. fuscoviolaceum,-0.654291123
6304at155619,T. fuscoviolaceum,-0.898894276
6304at155619,T. abietinum,-1.309483316
6327at155619,T. abietinum,-0.943825662
6327at155619,T. fuscoviolaceum,1.136781354
6366at155619,T. abietinum,-1.478191988
6366at155619,T. fuscoviolaceum,0.417100175
6573at155619,T. abietinum,-1.147687493
6573at155619,T. fuscoviolaceum,-0.125529585
6611at155619,T. fuscoviolaceum,-0.896342486
6611at155619,T. abietinum,-1.293543653
6614at155619,T. abietinum,-1.231989861
6614at155619,T. fuscoviolaceum,-0.815909581
6686at155619,T. abietinum,-1.72988975
6686at155619,T. fuscoviolaceum,-0.103836003
6755at155619,T. abietinum,-1.783635598
6755at155619,T. fuscoviolaceum,0.709225104
6797at155619,T. fuscoviolaceum,-0.132571397
6797at155619,T. abietinum,-1.461623554
6824at155619,T. abietinum,-1.480590086
6824at155619,T. fuscoviolaceum,0.358058862
6864at155619,T. abietinum,-1.411328954
6864at155619,T. fuscoviolaceum,0.079583594
6912at155619,T. abietinum,-1.032148311
6912at155619,T. fuscoviolaceum,-0.199988175
6913at155619,T. abietinum,-1.433704049
6913at155619,T. fuscoviolaceum,-0.55612869
7047at155619,T. fuscoviolaceum,-0.091745095
7047at155619,T. abietinum,-0.836035719
7091at155619,T. abietinum,-1.018406081
7091at155619,T. fuscoviolaceum,-0.015877701
7106at155619,T. abietinum,-0.885470683
7106at155619,T. fuscoviolaceum,0.063237522
7139at155619,T. abietinum,-0.851227516
7139at155619,T. fuscoviolaceum,0.854813367
7228at155619,T. fuscoviolaceum,0.158714794
7228at155619,T. abietinum,-1.456701598
7243at155619,T. abietinum,-0.835328637
7243at155619,T. fuscoviolaceum,0.49486208
7252at155619,T. abietinum,-0.591431555
7252at155619,T. fuscoviolaceum,-0.07973538
7256at155619,T. abietinum,-1.438397946
7256at155619,T. fuscoviolaceum,1.094716453
7313at155619,T. fuscoviolaceum,-2.105698942
7313at155619,T. abietinum,-1.421154076
7381at155619,T. abietinum,-1.259799192
7381at155619,T. fuscoviolaceum,1.366970142
7422at155619,T. abietinum,-1.481525389
7422at155619,T. fuscoviolaceum,-0.474144522
7455at155619,T. abietinum,-1.33923594
7455at155619,T. fuscoviolaceum,0.478115697
7552at155619,T. abietinum,-0.710849246
7552at155619,T. fuscoviolaceum,0.16007366
7581at155619,T. fuscoviolaceum,0.109693258
7581at155619,T. abietinum,-0.678250308
7582at155619,T. fuscoviolaceum,-0.448475517
7582at155619,T. abietinum,-0.965339513
7618at155619,T. abietinum,-1.210830994
7618at155619,T. fuscoviolaceum,0.977280559
7622at155619,T. abietinum,-0.811911245
7622at155619,T. fuscoviolaceum,0.334249602
7777at155619,T. fuscoviolaceum,1.537269436
7777at155619,T. abietinum,-0.94331989
7789at155619,T. fuscoviolaceum,1.563177076
7789at155619,T. abietinum,-0.53281304
779at155619,T. abietinum,-1.78823238
779at155619,T. fuscoviolaceum,1.278168965
7879at155619,T. abietinum,-1.347484025
7879at155619,T. fuscoviolaceum,-0.014602137
7880at155619,T. fuscoviolaceum,0.620010527
7880at155619,T. abietinum,-0.769590933
7957at155619,T. fuscoviolaceum,-0.386082312
7957at155619,T. abietinum,-1.119011957
7969at155619,T. abietinum,-1.54067058
7969at155619,T. fuscoviolaceum,-0.0962055
7984at155619,T. fuscoviolaceum,1.949586052
7984at155619,T. abietinum,-1.14559833
806at155619,T. fuscoviolaceum,0.307107038
806at155619,T. abietinum,-0.700368709
8144at155619,T. fuscoviolaceum,-0.297209168
8144at155619,T. abietinum,-1.570437723
8178at155619,T. abietinum,-0.934150919
8178at155619,T. fuscoviolaceum,-0.284785342
8209at155619,T. fuscoviolaceum,0.204195981
8209at155619,T. abietinum,-1.110879486
8232at155619,T. fuscoviolaceum,0.048069755
8232at155619,T. abietinum,-1.589434687
8271at155619,T. fuscoviolaceum,1.647991992
8271at155619,T. abietinum,-1.427636071
8332at155619,T. fuscoviolaceum,-2.583870334
8332at155619,T. abietinum,-0.95219997
8372at155619,T. fuscoviolaceum,-0.684182618
8372at155619,T. abietinum,-1.353586724
8389at155619,T. fuscoviolaceum,0.871187641
8389at155619,T. abietinum,-1.817152345
8421at155619,T. fuscoviolaceum,-1.470654456
8421at155619,T. abietinum,-0.368490328
8482at155619,T. fuscoviolaceum,-0.763012752
8482at155619,T. abietinum,-0.8743921
8495at155619,T. abietinum,-1.007853456
8495at155619,T. fuscoviolaceum,-0.895906054
8516at155619,T. fuscoviolaceum,0.359531553
8516at155619,T. abietinum,-0.988254616
8546at155619,T. fuscoviolaceum,-0.403948356
8546at155619,T. abietinum,-0.586723587
8555at155619,T. fuscoviolaceum,0.542759932
8555at155619,T. abietinum,-1.106682783
8557at155619,T. abietinum,-1.49997393
8557at155619,T. fuscoviolaceum,1.00830219
8560at155619,T. fuscoviolaceum,0.075573651
8560at155619,T. abietinum,-0.289677139
8571at155619,T. fuscoviolaceum,-0.209370722
8571at155619,T. abietinum,-1.364091248
8572at155619,T. fuscoviolaceum,-2.858940659
8572at155619,T. abietinum,-2.745099287
8575at155619,T. fuscoviolaceum,0.755584653
8575at155619,T. abietinum,-0.960215684
8584at155619,T. fuscoviolaceum,-0.379016069
8584at155619,T. abietinum,-1.487731435
8759at155619,T. fuscoviolaceum,-1.257538796
8759at155619,T. abietinum,-1.574412376
8811at155619,T. fuscoviolaceum,-0.144788721
8811at155619,T. abietinum,-1.464056432
8846at155619,T. fuscoviolaceum,0.616634993
8846at155619,T. abietinum,0.18212162
8909at155619,T. abietinum,-1.175407004
8909at155619,T. fuscoviolaceum,1.651454496
8956at155619,T. fuscoviolaceum,-0.117880633
8956at155619,T. abietinum,-1.127559705
8984at155619,T. fuscoviolaceum,-1.500495098
8984at155619,T. abietinum,-1.077866024
8993at155619,T. fuscoviolaceum,1.104710649
8993at155619,T. abietinum,0.364144594
9002at155619,T. abietinum,-1.61056174
9002at155619,T. fuscoviolaceum,-0.712619415
9059at155619,T. fuscoviolaceum,-0.167790157
9059at155619,T. abietinum,-1.388124227
9121at155619,T. abietinum,-1.601589631
9121at155619,T. fuscoviolaceum,-0.115953557
9152at155619,T. abietinum,-1.275910632
9152at155619,T. fuscoviolaceum,0.121528453
9295at155619,T. abietinum,-0.337927244
9295at155619,T. fuscoviolaceum,0.619599253
9324at155619,T. fuscoviolaceum,0.74703069
9324at155619,T. abietinum,-1.2211076
9328at155619,T. abietinum,-0.783381559
9328at155619,T. fuscoviolaceum,-0.683305724
9329at155619,T. abietinum,-0.925847544
9329at155619,T. fuscoviolaceum,-0.169753718
932at155619,T. abietinum,-1.18821721
932at155619,T. fuscoviolaceum,0.027368704
9472at155619,T. fuscoviolaceum,-0.212427138
9472at155619,T. abietinum,-0.803184111
9473at155619,T. abietinum,-1.033607719
9473at155619,T. fuscoviolaceum,0.652153447
9489at155619,T. fuscoviolaceum,0.041008144
9489at155619,T. abietinum,-1.845020857
9509at155619,T. fuscoviolaceum,0.180542812
9509at155619,T. abietinum,-1.052666344
9531at155619,T. fuscoviolaceum,0.183060341
9531at155619,T. abietinum,-1.257707039
953at155619,T. abietinum,-0.38192817
953at155619,T. fuscoviolaceum,-0.198632919
9540at155619,T. fuscoviolaceum,0.10125301
9540at155619,T. abietinum,-1.002790109
9572at155619,T. fuscoviolaceum,0.157402764
9572at155619,T. abietinum,-0.962476303
9645at155619,T. fuscoviolaceum,0.627141544
9645at155619,T. abietinum,-1.640291589
9678at155619,T. fuscoviolaceum,1.615124817
9678at155619,T. abietinum,-1.844715394
9691at155619,T. fuscoviolaceum,0.248013148
9691at155619,T. abietinum,-1.408162432
9769at155619,T. fuscoviolaceum,0.749620383
9769at155619,T. abietinum,-0.015913067
9787at155619,T. fuscoviolaceum,-0.704054985
9787at155619,T. abietinum,-1.189057947
9802at155619,T. fuscoviolaceum,-0.217130513
9802at155619,T. abietinum,-0.867815803
9835at155619,T. abietinum,-2.769023708
9835at155619,T. fuscoviolaceum,-0.879222175
996at155619,T. fuscoviolaceum,0.413059866
996at155619,T. abietinum,-0.830714179
9981at155619,T. fuscoviolaceum,-0.174498604
9981at155619,T. abietinum,-0.891868979
aHD1,T. fuscoviolaceum,0.491533813
aHD1,T. abietinum,0.858629434
aHD2,T. abietinum,0.600505388
aHD2,T. fuscoviolaceum,0.788258062
bfg,T. fuscoviolaceum,-0.70406399
bfg,T. abietinum,-1.57983072
bHD1,T. fuscoviolaceum,1.474282091
bHD1,T. abietinum,2.245556869
bHD2,T. fuscoviolaceum,1.320631549
bHD2,T. abietinum,1.291983791
DML1,T. fuscoviolaceum,0.043004805
DML1,T. abietinum,-1.357445798
GLGEN,T. fuscoviolaceum,-1.230959336
GLGEN,T. abietinum,-2.087945525
MIP1,T. fuscoviolaceum,0.862131083
MIP1,T. abietinum,0.09072026
PAK,T. fuscoviolaceum,0.251695432
PAK,T. abietinum,-0.750716367
RIC1,T. fuscoviolaceum,0.584695011
RIC1,T. abietinum,-1.216844057
SNF2,T. abietinum,0.009191328
SNF2,T. fuscoviolaceum,-1.252557296
STE3.1,T. fuscoviolaceum,0.762849463
STE3.1,T. abietinum,-0.089284429
STE3.2,T. fuscoviolaceum,1.646747671
STE3.2,T. abietinum,3.172295429
STE3.3,T. fuscoviolaceum,0.022999675
STE3.3,T. abietinum,-1.43927558
STE3.4,T. abietinum,2.080191631
STE3.4,T. fuscoviolaceum,1.249208456
